path,sha256
figures_new/fishery-impact/inputs/all_off.csv,275a2738f3d8e8bf5102623fb8732dbc57b8d41b6c551f492f41127407d6baf3
figures_new/fishery-impact/inputs/controls/all_off.txt,847b2eea96da1d48c5dbc3d2c7d215b57cf2a3820c4d2576794b39be67fee1ed
figures_new/fishery-impact/inputs/controls/longline.txt,76eca52c7503c59e998513066c380c93dfce20c8b685d31aa6931ca6276bde76
figures_new/fishery-impact/inputs/controls/miscellaneous.txt,5be7b02d2d973487e1e2b6929433d2e8ab2ae564469b4be87c0c1f5ac5d41256
figures_new/fishery-impact/inputs/controls/pole_line.txt,df8514846dac4cfa221f1b188b05ed2e41b7a74acd7184b75d04f1e5a680d676
figures_new/fishery-impact/inputs/controls/ps.txt,1e5fc5db3799288e0de8a0d38209147f53eadd3da5ee7aa544afa28e9a94c3fe
figures_new/fishery-impact/inputs/controls/ps_associated.txt,f82cbe27676641c09a41753b4d33915f65b4c87a6b30589475e05ffccc67a693
figures_new/fishery-impact/inputs/controls/ps_unassociated.txt,73e91f58e088f1ab5d6059912e92a07108cc84c563c502f2d05cf9f3064243b8
figures_new/fishery-impact/inputs/figure29-diagnostic-depletion.csv,7112a0e91c5d286d3c9f8574183539577c5f247ce0aff10442132629843641f1
figures_new/fishery-impact/inputs/groups.json,6297aece2bc3f9c1e481f834756979f937c5212714ec9f627ee827c5e573e787
figures_new/fishery-impact/inputs/longline.csv,248f90588bb42a768c4161cd59a98579e5b5d7f619f3a9444f8de8788868dc9b
figures_new/fishery-impact/inputs/miscellaneous.csv,1e39dcaa0e6d34e71d1b7cd01b0823d871aaac834532bc173fe892d71c12fa48
figures_new/fishery-impact/inputs/pole_line.csv,07a37cc19e4f294bafcebec4499cfd088219cc07d63f4f7c826ac865e2eb2993
figures_new/fishery-impact/inputs/provenance.json,ba3218921498cadfc3e3478c4dcb6072cda0da8f829f80b0aa578da15741c28a
figures_new/fishery-impact/inputs/ps.csv,8c89c5365affc64823e89a67333b47201741c52bc2a583ed6b6c9c28fe883644
figures_new/fishery-impact/inputs/ps_associated.csv,fa9529520aba75a7cf1ca6f393b00be33f530b68f934e2237b569e5de9b91cff
figures_new/fishery-impact/inputs/ps_unassociated.csv,2e907a5022e3b18ecbdb356ea0273f5576ee2404b7ae0956c874cd02fa53f6cd
figures_new/fishery-impact/inputs/reference.csv,275a2738f3d8e8bf5102623fb8732dbc57b8d41b6c551f492f41127407d6baf3
scripts/vendor/mfclshiny/fishery-impact.R,d18dfb87f607c24264c51bcb7017c55677f56c1f35779e0f3efcec1eb2e8b9ff
scripts/vendor/mfclshiny/LICENSE,19d7949a9e8c4cc829cce22875dcd6aacd0287e887d3f12eed6fd7c330be3abc
scripts/fishery-impact-style.R,01be5555accdeea187073380a5160ebd233a0bc9fe4ef9fc9b404db310d25b24
