"year","region","value"
1952,"Region 1",0.9851324399611
1952,"Region 2",0.997434699268556
1952,"Region 3",0.994999006425118
1952,"Region 4",0.995424489313969
1952,"Region 5",0.999786428225646
1953,"Region 1",0.944107842028447
1953,"Region 2",0.991482191298873
1953,"Region 3",0.974995423365603
1953,"Region 4",0.973778652465849
1953,"Region 5",0.99525196339595
1954,"Region 1",0.92539661449337
1954,"Region 2",0.982142857142857
1954,"Region 3",0.962463927803138
1954,"Region 4",0.96253905181474
1954,"Region 5",0.983907521892475
1955,"Region 1",0.905728909558575
1955,"Region 2",0.975850752657487
1955,"Region 3",0.960034779368382
1955,"Region 4",0.955963302752294
1955,"Region 5",0.972926790195974
1956,"Region 1",0.883616687797622
1956,"Region 2",0.970939029817534
1956,"Region 3",0.951680934175532
1956,"Region 4",0.937283145104436
1956,"Region 5",0.965299985031366
1957,"Region 1",0.8602975371442
1957,"Region 2",0.966914170542095
1957,"Region 3",0.937645334636053
1957,"Region 4",0.930220732995215
1957,"Region 5",0.958700643082738
1958,"Region 1",0.817982646976018
1958,"Region 2",0.95809800804897
1958,"Region 3",0.909685107943347
1958,"Region 4",0.898631050896168
1958,"Region 5",0.95143560681928
1959,"Region 1",0.759286877911112
1959,"Region 2",0.937784171183436
1959,"Region 3",0.887525505472083
1959,"Region 4",0.868823804123024
1959,"Region 5",0.932341713834408
1960,"Region 1",0.719728633238138
1960,"Region 2",0.918213171292495
1960,"Region 3",0.875296282591085
1960,"Region 4",0.847211249802496
1960,"Region 5",0.912406112406112
1961,"Region 1",0.72653974168056
1961,"Region 2",0.90494726148997
1961,"Region 3",0.864928283778499
1961,"Region 4",0.81237473817453
1961,"Region 5",0.900307416072692
1962,"Region 1",0.71777506174084
1962,"Region 2",0.889919831517042
1962,"Region 3",0.852404771917399
1962,"Region 4",0.794972420932281
1962,"Region 5",0.885354955675151
1963,"Region 1",0.708157103716117
1963,"Region 2",0.873883857218966
1963,"Region 3",0.844036174119311
1963,"Region 4",0.779067221370703
1963,"Region 5",0.876290473955889
1964,"Region 1",0.7027682892115
1964,"Region 2",0.85682984423959
1964,"Region 3",0.827149459621559
1964,"Region 4",0.750177648578811
1964,"Region 5",0.862477789351143
1965,"Region 1",0.727216906309164
1965,"Region 2",0.848384404435436
1965,"Region 3",0.820762969262544
1965,"Region 4",0.760784759923279
1965,"Region 5",0.853621642278235
1966,"Region 1",0.751271538874863
1966,"Region 2",0.844020371847579
1966,"Region 3",0.811027750383862
1966,"Region 4",0.776527459862661
1966,"Region 5",0.84308931162078
1967,"Region 1",0.747587088034728
1967,"Region 2",0.832059126585338
1967,"Region 3",0.804298131191156
1967,"Region 4",0.786634026927785
1967,"Region 5",0.831519548569125
1968,"Region 1",0.744541360704288
1968,"Region 2",0.814592379174613
1968,"Region 3",0.80560654990821
1968,"Region 4",0.793327868852459
1968,"Region 5",0.829020881346463
1969,"Region 1",0.759392029835871
1969,"Region 2",0.798028505590168
1969,"Region 3",0.804839968774395
1969,"Region 4",0.805751219741776
1969,"Region 5",0.834679980241338
1970,"Region 1",0.747280510323989
1970,"Region 2",0.792255432788954
1970,"Region 3",0.806937766176673
1970,"Region 4",0.804945011346865
1970,"Region 5",0.833119847011492
1971,"Region 1",0.730099077553809
1971,"Region 2",0.793937254555884
1971,"Region 3",0.813739279115303
1971,"Region 4",0.803951172502409
1971,"Region 5",0.829876124277088
1972,"Region 1",0.71861409659559
1972,"Region 2",0.790526300900977
1972,"Region 3",0.801006156086582
1972,"Region 4",0.799395954825132
1972,"Region 5",0.838131144075262
1973,"Region 1",0.682819717637874
1973,"Region 2",0.773224407248729
1973,"Region 3",0.783072251280885
1973,"Region 4",0.776305454048701
1973,"Region 5",0.82568317677199
1974,"Region 1",0.674423276921622
1974,"Region 2",0.740618551448297
1974,"Region 3",0.777688458926418
1974,"Region 4",0.77195596575114
1974,"Region 5",0.808129306553291
1975,"Region 1",0.654279192634198
1975,"Region 2",0.705353757488436
1975,"Region 3",0.760145925110132
1975,"Region 4",0.765913080380394
1975,"Region 5",0.818834287334527
1976,"Region 1",0.613930701505254
1976,"Region 2",0.66877748009896
1976,"Region 3",0.751188438866705
1976,"Region 4",0.708154641404116
1976,"Region 5",0.817389786119598
1977,"Region 1",0.613400978234973
1977,"Region 2",0.644655840701239
1977,"Region 3",0.724481637439369
1977,"Region 4",0.674014445071739
1977,"Region 5",0.799194536858694
1978,"Region 1",0.610581555850717
1978,"Region 2",0.632007939954097
1978,"Region 3",0.709698407838334
1978,"Region 4",0.679785721058121
1978,"Region 5",0.786253442589507
1979,"Region 1",0.592606573381061
1979,"Region 2",0.607155473803462
1979,"Region 3",0.696356223884578
1979,"Region 4",0.668988751103774
1979,"Region 5",0.7693747978689
1980,"Region 1",0.583643559700615
1980,"Region 2",0.584472752311627
1980,"Region 3",0.659889731219848
1980,"Region 4",0.622444051489742
1980,"Region 5",0.747537051315
1981,"Region 1",0.560138628804606
1981,"Region 2",0.560140202572099
1981,"Region 3",0.635006165889228
1981,"Region 4",0.613625294422931
1981,"Region 5",0.712725703186821
1982,"Region 1",0.545280820321603
1982,"Region 2",0.540159388293576
1982,"Region 3",0.622409865360743
1982,"Region 4",0.614600004093077
1982,"Region 5",0.698270278227587
1983,"Region 1",0.553801479909201
1983,"Region 2",0.52520540899062
1983,"Region 3",0.598089591567852
1983,"Region 4",0.601256191797107
1983,"Region 5",0.697176429013164
1984,"Region 1",0.571823361823362
1984,"Region 2",0.505545004234787
1984,"Region 3",0.581827543676881
1984,"Region 4",0.605725607096117
1984,"Region 5",0.687848689090264
1985,"Region 1",0.578362654107217
1985,"Region 2",0.478826073451053
1985,"Region 3",0.556009495942141
1985,"Region 4",0.566953276011464
1985,"Region 5",0.666666666666667
1986,"Region 1",0.554249486434795
1986,"Region 2",0.455903039437327
1986,"Region 3",0.52915397756815
1986,"Region 4",0.545521563453451
1986,"Region 5",0.635330593204671
1987,"Region 1",0.529167144331079
1987,"Region 2",0.454375983276222
1987,"Region 3",0.509308402884693
1987,"Region 4",0.513181870793855
1987,"Region 5",0.625902079141516
1988,"Region 1",0.49229519874626
1988,"Region 2",0.462215170264104
1988,"Region 3",0.486255273226724
1988,"Region 4",0.478303961088716
1988,"Region 5",0.606997938732385
1989,"Region 1",0.454088004221388
1989,"Region 2",0.458709199834734
1989,"Region 3",0.475214855739718
1989,"Region 4",0.482379950577707
1989,"Region 5",0.58304513839785
1990,"Region 1",0.466113564136457
1990,"Region 2",0.448151230531447
1990,"Region 3",0.447663660012694
1990,"Region 4",0.492069798239464
1990,"Region 5",0.584257577206234
1991,"Region 1",0.467987364866705
1991,"Region 2",0.425353452054591
1991,"Region 3",0.434719308011819
1991,"Region 4",0.484638140517697
1991,"Region 5",0.583053142026477
1992,"Region 1",0.458598444558025
1992,"Region 2",0.395106104043911
1992,"Region 3",0.418023905041565
1992,"Region 4",0.457146092523252
1992,"Region 5",0.583392834642362
1993,"Region 1",0.426137949075689
1993,"Region 2",0.363416328313533
1993,"Region 3",0.392857432734061
1993,"Region 4",0.425349340680968
1993,"Region 5",0.561760813828467
1994,"Region 1",0.400112306972391
1994,"Region 2",0.337250051535766
1994,"Region 3",0.367643638055362
1994,"Region 4",0.394490036900369
1994,"Region 5",0.547960071566145
1995,"Region 1",0.396823371715573
1995,"Region 2",0.312729438139274
1995,"Region 3",0.338264292294457
1995,"Region 4",0.357825095272501
1995,"Region 5",0.518870200426522
1996,"Region 1",0.375648061854958
1996,"Region 2",0.279827615609812
1996,"Region 3",0.342982692826581
1996,"Region 4",0.401555824264409
1996,"Region 5",0.498339162547138
1997,"Region 1",0.384076233027331
1997,"Region 2",0.254152123854075
1997,"Region 3",0.373864435697502
1997,"Region 4",0.450630671053944
1997,"Region 5",0.516489401683704
1998,"Region 1",0.387808536989551
1998,"Region 2",0.240912560308668
1998,"Region 3",0.354878793163586
1998,"Region 4",0.413059127181454
1998,"Region 5",0.511432755125028
1999,"Region 1",0.3834779717955
1999,"Region 2",0.227044125359303
1999,"Region 3",0.324731917956099
1999,"Region 4",0.386751137328819
1999,"Region 5",0.479128287911879
2000,"Region 1",0.370100442969904
2000,"Region 2",0.195887775654599
2000,"Region 3",0.28241535117822
2000,"Region 4",0.368153743662703
2000,"Region 5",0.44847967363977
2001,"Region 1",0.37797914173363
2001,"Region 2",0.165808076652891
2001,"Region 3",0.271146511578903
2001,"Region 4",0.336955206156727
2001,"Region 5",0.414575776838799
2002,"Region 1",0.428275195186591
2002,"Region 2",0.151545286689716
2002,"Region 3",0.252386515465856
2002,"Region 4",0.293939075016079
2002,"Region 5",0.395056390300148
2003,"Region 1",0.429428025733816
2003,"Region 2",0.147844414980588
2003,"Region 3",0.231024092506986
2003,"Region 4",0.249743193757093
2003,"Region 5",0.380251670986223
2004,"Region 1",0.412152133580705
2004,"Region 2",0.141910629966601
2004,"Region 3",0.219403379091869
2004,"Region 4",0.242799223785432
2004,"Region 5",0.373007802080555
2005,"Region 1",0.38415121142767
2005,"Region 2",0.131693432474338
2005,"Region 3",0.195540602639007
2005,"Region 4",0.196731352615613
2005,"Region 5",0.356985563983362
2006,"Region 1",0.364104306598183
2006,"Region 2",0.118297000392142
2006,"Region 3",0.190432813886057
2006,"Region 4",0.21882231381499
2006,"Region 5",0.35168016572428
2007,"Region 1",0.347688214118015
2007,"Region 2",0.103173985699806
2007,"Region 3",0.185349341036288
2007,"Region 4",0.214384616249143
2007,"Region 5",0.361338914865317
2008,"Region 1",0.309674521567558
2008,"Region 2",0.0918531165311653
2008,"Region 3",0.190215125704434
2008,"Region 4",0.220135014197483
2008,"Region 5",0.348093218601065
2009,"Region 1",0.308596035904981
2009,"Region 2",0.0791481014584103
2009,"Region 3",0.189930729129472
2009,"Region 4",0.194200956937799
2009,"Region 5",0.331887952822241
2010,"Region 1",0.323249112334688
2010,"Region 2",0.0754160432544548
2010,"Region 3",0.178689729204739
2010,"Region 4",0.143862654900488
2010,"Region 5",0.314717302136763
2011,"Region 1",0.339874501852758
2011,"Region 2",0.0782739593879033
2011,"Region 3",0.173482283625309
2011,"Region 4",0.145789141709106
2011,"Region 5",0.305541498818124
2012,"Region 1",0.347994113063804
2012,"Region 2",0.0724275233124791
2012,"Region 3",0.154919948398033
2012,"Region 4",0.163370000223579
2012,"Region 5",0.291240259363846
2013,"Region 1",0.33761415828767
2013,"Region 2",0.061752961196947
2013,"Region 3",0.150291017676161
2013,"Region 4",0.161838547701815
2013,"Region 5",0.276043028048658
2014,"Region 1",0.377687288092277
2014,"Region 2",0.053136894080534
2014,"Region 3",0.154329377094434
2014,"Region 4",0.14685534591195
2014,"Region 5",0.283099449378184
2015,"Region 1",0.41436778946393
2015,"Region 2",0.0487328657505938
2015,"Region 3",0.156126954537035
2015,"Region 4",0.143304699884324
2015,"Region 5",0.289332879402078
2016,"Region 1",0.413125403183462
2016,"Region 2",0.0534919349543674
2016,"Region 3",0.162029227263116
2016,"Region 4",0.14826933138014
2016,"Region 5",0.277850644397789
2017,"Region 1",0.404945943902623
2017,"Region 2",0.0567700576312893
2017,"Region 3",0.160691108301728
2017,"Region 4",0.162825195437652
2017,"Region 5",0.261998206424262
2018,"Region 1",0.419862853807995
2018,"Region 2",0.0583362767449079
2018,"Region 3",0.153790316591995
2018,"Region 4",0.173385149080051
2018,"Region 5",0.252565815058418
2019,"Region 1",0.457532607394998
2019,"Region 2",0.0581082442254372
2019,"Region 3",0.145932532088086
2019,"Region 4",0.147393572269897
2019,"Region 5",0.244543258289276
2020,"Region 1",0.462529462923983
2020,"Region 2",0.0577248776312622
2020,"Region 3",0.149608275306065
2020,"Region 4",0.147580517751145
2020,"Region 5",0.244121633672195
2021,"Region 1",0.435478752225404
2021,"Region 2",0.0583488626944879
2021,"Region 3",0.158128059397483
2021,"Region 4",0.17207965395132
2021,"Region 5",0.263208578974044
2022,"Region 1",0.413770585669102
2022,"Region 2",0.0607625788407203
2022,"Region 3",0.160099251956473
2022,"Region 4",0.179345339876974
2022,"Region 5",0.285114701215824
2023,"Region 1",0.385095907272541
2023,"Region 2",0.0677833672877093
2023,"Region 3",0.165503730962568
2023,"Region 4",0.159677419354839
2023,"Region 5",0.282967302866023
2024,"Region 1",0.291693635382956
2024,"Region 2",0.066894188443751
2024,"Region 3",0.16253783900661
2024,"Region 4",0.119645634843477
2024,"Region 5",0.274954498477185
1952,"All regions",0.992718785649431
1953,"All regions",0.970127209310252
1954,"All regions",0.95650726335956
1955,"All regions",0.945397444743166
1956,"All regions",0.930928381389111
1957,"All regions",0.917530865047377
1958,"All regions",0.8934497622691
1959,"All regions",0.862154700592518
1960,"All regions",0.837247211337865
1961,"All regions",0.825592877600478
1962,"All regions",0.813186881226433
1963,"All regions",0.801829156601062
1964,"All regions",0.787853216919479
1965,"All regions",0.792429781000033
1966,"All regions",0.797690797610089
1967,"All regions",0.792873385203486
1968,"All regions",0.789533861263289
1969,"All regions",0.7935836237068
1970,"All regions",0.789019425503866
1971,"All regions",0.785610476939345
1972,"All regions",0.781162160919167
1973,"All regions",0.760694082145569
1974,"All regions",0.747739813088462
1975,"All regions",0.733578194986007
1976,"All regions",0.707299877956822
1977,"All regions",0.686876460367863
1978,"All regions",0.678178441872517
1979,"All regions",0.660691370919609
1980,"All regions",0.634473224135001
1981,"All regions",0.610977156975227
1982,"All regions",0.59841792558553
1983,"All regions",0.590015830777002
1984,"All regions",0.585393393772353
1985,"All regions",0.56475083385268
1986,"All regions",0.539102818268137
1987,"All regions",0.522464493958485
1988,"All regions",0.502368194477179
1989,"All regions",0.488016118931065
1990,"All regions",0.481915058895096
1991,"All regions",0.471830942009709
1992,"All regions",0.454686373029701
1993,"All regions",0.426557061408742
1994,"All regions",0.403507598373932
1995,"All regions",0.377615517890182
1996,"All regions",0.36924345328469
1997,"All regions",0.384320352767339
1998,"All regions",0.368505791038453
1999,"All regions",0.343750185873606
2000,"All regions",0.312775730728972
2001,"All regions",0.289565063352168
2002,"All regions",0.275380038599197
2003,"All regions",0.259960987497568
2004,"All regions",0.250962382487151
2005,"All regions",0.228864776357293
2006,"All regions",0.22273458329106
2007,"All regions",0.217198268901065
2008,"All regions",0.208522707861897
2009,"All regions",0.196563529658283
2010,"All regions",0.182814277552845
2011,"All regions",0.181754736935161
2012,"All regions",0.176271639509127
2013,"All regions",0.16830879899882
2014,"All regions",0.171424568159078
2015,"All regions",0.177121215248395
2016,"All regions",0.17808569525043
2017,"All regions",0.175712976270673
2018,"All regions",0.175932033998965
2019,"All regions",0.17520573345278
2020,"All regions",0.178712793939755
2021,"All regions",0.185328213124598
2022,"All regions",0.188611504374898
2023,"All regions",0.183232559519269
2024,"All regions",0.161670357810229
