"year","season","region","sb","sb_nofish"
1952,"1","1",453400,453400
1952,"2","1",457750,463620
1952,"3","1",437140,445910
1952,"4","1",444720,455320
1953,"1","1",446980,464690
1953,"2","1",444600,470990
1953,"3","1",426380,451860
1953,"4","1",435050,460390
1954,"1","1",440620,468950
1954,"2","1",442800,474550
1954,"3","1",424230,454990
1954,"4","1",433530,463990
1955,"1","1",440800,474540
1955,"2","1",442600,482980
1955,"3","1",425220,464380
1955,"4","1",434410,473430
1956,"1","1",439950,484550
1956,"2","1",445040,496390
1956,"3","1",434380,482650
1956,"4","1",450850,498570
1957,"1","1",459070,513290
1957,"2","1",459180,521500
1957,"3","1",436970,495570
1957,"4","1",439180,496860
1958,"1","1",429990,495020
1958,"2","1",412490,488240
1958,"3","1",380820,453560
1958,"4","1",374670,447340
1959,"1","1",359510,441150
1959,"2","1",340200,432830
1959,"3","1",314370,401760
1959,"4","1",309600,396010
1960,"1","1",299780,392640
1960,"2","1",290080,393750
1960,"3","1",283470,381490
1960,"4","1",301080,396330
1961,"1","1",311700,410490
1961,"2","1",313210,417720
1961,"3","1",298520,397190
1961,"4","1",301160,396990
1962,"1","1",298430,395790
1962,"2","1",290380,392990
1962,"3","1",272840,370620
1962,"4","1",277660,372060
1963,"1","1",279380,374610
1963,"2","1",271830,374700
1963,"3","1",255680,353320
1963,"4","1",257980,352240
1964,"1","1",255580,351290
1964,"2","1",251360,349200
1964,"3","1",237450,329730
1964,"4","1",243140,331820
1965,"1","1",247250,335630
1965,"2","1",250840,338740
1965,"3","1",244140,324300
1965,"4","1",252610,330000
1966,"1","1",257670,335890
1966,"2","1",260070,339000
1966,"3","1",249600,322410
1966,"4","1",253330,324410
1967,"1","1",253090,326310
1967,"2","1",249000,325920
1967,"3","1",234320,306780
1967,"4","1",234900,305540
1968,"1","1",232140,305110
1968,"2","1",231340,305140
1968,"3","1",223110,290910
1968,"4","1",231020,296480
1969,"1","1",236970,303600
1969,"2","1",239870,308570
1969,"3","1",232040,294880
1969,"4","1",235910,297170
1970,"1","1",233430,297840
1970,"2","1",228260,295520
1970,"3","1",213930,277010
1970,"4","1",214690,276070
1971,"1","1",210820,275510
1971,"2","1",207070,273610
1971,"3","1",196030,257410
1971,"4","1",198140,257830
1972,"1","1",196270,258680
1972,"2","1",193710,257660
1972,"3","1",181440,241050
1972,"4","1",178770,237540
1973,"1","1",170230,232760
1973,"2","1",161460,226890
1973,"3","1",148830,210000
1973,"4","1",149190,208130
1974,"1","1",148070,207970
1974,"2","1",146570,207790
1974,"3","1",137880,195970
1974,"4","1",138150,195620
1975,"1","1",135310,194770
1975,"2","1",131520,192880
1975,"3","1",122510,179950
1975,"4","1",120880,178110
1976,"1","1",116000,176210
1976,"2","1",110890,173830
1976,"3","1",102440,162030
1976,"4","1",103000,161810
1977,"1","1",103100,164700
1977,"2","1",107950,171060
1977,"3","1",109220,168920
1977,"4","1",117410,176880
1978,"1","1",119790,183260
1978,"2","1",119780,187160
1978,"3","1",113540,178360
1978,"4","1",115780,180400
1979,"1","1",115510,182750
1979,"2","1",114770,184990
1979,"3","1",110370,176930
1979,"4","1",114620,180330
1980,"1","1",115680,183710
1980,"2","1",114460,185520
1980,"3","1",107880,175030
1980,"4","1",108800,174550
1981,"1","1",106710,173790
1981,"2","1",102890,172500
1981,"3","1",94842,161570
1981,"4","1",96382,161600
1982,"1","1",95810,162870
1982,"2","1",94699,164280
1982,"3","1",90469,155900
1982,"4","1",93390,157310
1983,"1","1",94238,159060
1983,"2","1",94389,160810
1983,"3","1",91240,153420
1983,"4","1",95843,156400
1984,"1","1",98434,160390
1984,"2","1",100530,164720
1984,"3","1",98806,159260
1984,"4","1",103650,163070
1985,"1","1",105370,166690
1985,"2","1",106380,169340
1985,"3","1",101580,160910
1985,"4","1",104190,162360
1986,"1","1",103040,163590
1986,"2","1",100120,164000
1986,"3","1",93187,154580
1986,"4","1",94870,155360
1987,"1","1",94418,157240
1987,"2","1",93368,159740
1987,"3","1",89016,152910
1987,"4","1",92472,155750
1988,"1","1",91861,158730
1988,"2","1",88006,160900
1988,"3","1",82482,152340
1988,"4","1",83193,152670
1989,"1","1",80740,153110
1989,"2","1",77353,153740
1989,"3","1",73667,146160
1989,"4","1",78037,149220
1990,"1","1",80174,153790
1990,"2","1",82472,158710
1990,"3","1",81961,153700
1990,"4","1",86865,157730
1991,"1","1",88819,161570
1991,"2","1",87042,164410
1991,"3","1",82823,156730
1991,"4","1",85034,158500
1992,"1","1",84770,160440
1992,"2","1",84142,162190
1992,"3","1",80744,154150
1992,"4","1",82328,155210
1993,"1","1",79917,155850
1993,"2","1",75093,155570
1993,"3","1",69173,145480
1993,"4","1",69034,144190
1994,"1","1",66039,143480
1994,"2","1",64064,143430
1994,"3","1",62032,135400
1994,"4","1",64377,136270
1995,"1","1",64639,137610
1995,"2","1",63212,138540
1995,"3","1",58897,129790
1995,"4","1",58969,128870
1996,"1","1",56319,127840
1996,"2","1",55189,127160
1996,"3","1",52359,119260
1996,"4","1",53791,119600
1997,"1","1",54097,121330
1997,"2","1",55721,123960
1997,"3","1",54459,118190
1997,"4","1",55791,119330
1998,"1","1",54899,120630
1998,"2","1",56145,122720
1998,"3","1",54448,117210
1998,"4","1",56827,119210
1999,"1","1",56239,121160
1999,"2","1",56721,123100
1999,"3","1",53025,116460
1999,"4","1",53188,116820
2000,"1","1",51647,117220
2000,"2","1",51737,118020
2000,"3","1",49321,111080
2000,"4","1",50321,111220
2001,"1","1",49377,111320
2001,"2","1",49623,111980
2001,"3","1",48183,106240
2001,"4","1",51789,108600
2002,"1","1",54681,112730
2002,"2","1",59602,118360
2002,"3","1",60236,116370
2002,"4","1",64647,121100
2003,"1","1",66355,125530
2003,"2","1",65777,129250
2003,"3","1",61786,123900
2003,"4","1",62399,125680
2004,"1","1",61713,128170
2004,"2","1",63491,132220
2004,"3","1",62232,128120
2004,"4","1",65815,132120
2005,"1","1",64941,135620
2005,"2","1",62123,137910
2005,"3","1",57936,130700
2005,"4","1",58379,131390
2006,"1","1",56969,132950
2006,"2","1",58107,136140
2006,"3","1",56316,131220
2006,"4","1",58995,134160
2007,"1","1",57669,136760
2007,"2","1",57133,138350
2007,"3","1",53720,130500
2007,"4","1",53616,130800
2008,"1","1",51095,131870
2008,"2","1",48981,133330
2008,"3","1",45766,126460
2008,"4","1",47206,127040
2009,"1","1",46247,127690
2009,"2","1",47323,128630
2009,"3","1",45603,121750
2009,"4","1",47506,122700
2010,"1","1",47165,123640
2010,"2","1",48164,124360
2010,"3","1",45938,117010
2010,"4","1",47184,117320
2011,"1","1",47843,118580
2011,"2","1",48765,120990
2011,"3","1",47453,116250
2011,"4","1",50388,118560
2012,"1","1",51260,121010
2012,"2","1",51291,123210
2012,"3","1",48654,117070
2012,"4","1",49779,117820
2013,"1","1",48559,118700
2013,"2","1",47604,119680
2013,"3","1",45815,113260
2013,"4","1",48406,114680
2014,"1","1",50008,117730
2014,"2","1",53814,122720
2014,"3","1",56045,120930
2014,"4","1",61809,126760
2015,"1","1",64920,132730
2015,"2","1",67340,138200
2015,"3","1",66114,134430
2015,"4","1",69925,138290
2016,"1","1",70401,141640
2016,"2","1",70747,144450
2016,"3","1",66299,137920
2016,"4","1",67930,139630
2017,"1","1",67666,141600
2017,"2","1",67293,143960
2017,"3","1",64720,137970
2017,"4","1",68132,140870
2018,"1","1",68836,144620
2018,"2","1",71016,149430
2018,"3","1",70435,146310
2018,"4","1",77487,153080
2019,"1","1",82067,160360
2019,"2","1",85910,167310
2019,"3","1",85152,164190
2019,"4","1",90995,170280
2020,"1","1",92687,175990
2020,"2","1",93274,180520
2020,"3","1",89043,173710
2020,"4","1",91953,176220
2021,"1","1",91064,177920
2021,"2","1",86032,178360
2021,"3","1",79811,168170
2021,"4","1",80650,168110
2022,"1","1",79636,168310
2022,"2","1",77418,168370
2022,"3","1",72446,158790
2022,"4","1",74009,158710
2023,"1","1",72337,158250
2023,"2","1",68650,156520
2023,"3","1",61764,144890
2023,"4","1",60050,141850
2024,"1","1",56199,139030
2024,"2","1",46664,136200
2024,"3","1",38466,125350
2024,"4","1",37135,122930
1952,"1","2",260470,260470
1952,"2","2",257740,258370
1952,"3","2",254340,255230
1952,"4","2",273370,274540
1953,"1","2",270150,271940
1953,"2","2",263570,265460
1953,"3","2",259290,261590
1953,"4","2",277880,281050
1954,"1","2",273660,277860
1954,"2","2",266360,270780
1954,"3","2",261500,266380
1954,"4","2",280330,286200
1955,"1","2",276970,283060
1955,"2","2",269830,276050
1955,"3","2",264830,271380
1955,"4","2",282650,290160
1956,"1","2",277760,285280
1956,"2","2",269140,276510
1956,"3","2",263110,270870
1956,"4","2",280840,289610
1957,"1","2",277680,286290
1957,"2","2",271740,280100
1957,"3","2",268530,277250
1957,"4","2",290240,300580
1958,"1","2",287470,297780
1958,"2","2",280060,290500
1958,"3","2",273440,284930
1958,"4","2",292230,306880
1959,"1","2",285030,300530
1959,"2","2",272950,289220
1959,"3","2",261770,278900
1959,"4","2",275460,295830
1960,"1","2",265040,285530
1960,"2","2",251090,271350
1960,"3","2",238600,259710
1960,"4","2",251650,275460
1961,"1","2",245430,268760
1961,"2","2",236490,259490
1961,"3","2",228880,252290
1961,"4","2",242390,268420
1962,"1","2",234930,260840
1962,"2","2",223470,249270
1962,"3","2",213410,239390
1962,"4","2",224010,252610
1963,"1","2",215440,243930
1963,"2","2",204590,232090
1963,"3","2",194840,222360
1963,"4","2",205270,235610
1964,"1","2",196840,227480
1964,"2","2",187450,216960
1964,"3","2",179470,208800
1964,"4","2",190970,223240
1965,"1","2",184880,216290
1965,"2","2",176370,206440
1965,"3","2",169310,198700
1965,"4","2",180980,213090
1966,"1","2",176170,207650
1966,"2","2",169970,2e+05
1966,"3","2",164910,194250
1966,"4","2",176700,208980
1967,"1","2",170740,202980
1967,"2","2",162700,193990
1967,"3","2",155580,186510
1967,"4","2",165070,198850
1968,"1","2",158280,191590
1968,"2","2",149730,182100
1968,"3","2",142260,174660
1968,"4","2",151950,187390
1969,"1","2",146200,181130
1969,"2","2",138800,172640
1969,"3","2",132630,166180
1969,"4","2",143400,179600
1970,"1","2",138640,174040
1970,"2","2",132760,166280
1970,"3","2",128260,160670
1970,"4","2",140270,174690
1971,"1","2",137090,170150
1971,"2","2",132320,163840
1971,"3","2",128590,159130
1971,"4","2",141790,174500
1972,"1","2",139810,171400
1972,"2","2",136290,166520
1972,"3","2",133900,163410
1972,"4","2",148910,181530
1973,"1","2",147570,179430
1973,"2","2",143300,174480
1973,"3","2",138930,169660
1973,"4","2",151340,185340
1974,"1","2",148770,182560
1974,"2","2",143690,177630
1974,"3","2",139040,172690
1974,"4","2",149930,186820
1975,"1","2",145860,182570
1975,"2","2",139220,175550
1975,"3","2",131940,168570
1975,"4","2",141070,182010
1976,"1","2",135720,177020
1976,"2","2",129270,169690
1976,"3","2",123000,162710
1976,"4","2",133730,176930
1977,"1","2",130350,173110
1977,"2","2",125400,167350
1977,"3","2",120330,161930
1977,"4","2",132850,177990
1978,"1","2",130550,174480
1978,"2","2",125890,168520
1978,"3","2",120750,162700
1978,"4","2",132240,178960
1979,"1","2",128600,175350
1979,"2","2",123520,169090
1979,"3","2",117750,162810
1979,"4","2",128550,178040
1980,"1","2",124440,173230
1980,"2","2",118200,165740
1980,"3","2",111810,158100
1980,"4","2",120890,171510
1981,"1","2",115690,165210
1981,"2","2",108460,156670
1981,"3","2",101310,148350
1981,"4","2",109220,160340
1982,"1","2",104790,154390
1982,"2","2",99303,146890
1982,"3","2",94069,139890
1982,"4","2",103090,152720
1983,"1","2",99983,147950
1983,"2","2",95526,141390
1983,"3","2",91137,135480
1983,"4","2",101360,150040
1984,"1","2",99460,146920
1984,"2","2",96435,142170
1984,"3","2",93056,137380
1984,"4","2",105000,153570
1985,"1","2",102920,150280
1985,"2","2",98837,144600
1985,"3","2",93960,138820
1985,"4","2",105070,154730
1986,"1","2",102040,150700
1986,"2","2",98046,144880
1986,"3","2",93893,139210
1986,"4","2",105310,155140
1987,"1","2",103410,151830
1987,"2","2",101340,147990
1987,"3","2",100600,145980
1987,"4","2",116320,166740
1988,"1","2",119140,168660
1988,"2","2",120210,168350
1988,"3","2",119680,167020
1988,"4","2",133280,185720
1989,"1","2",133320,184740
1989,"2","2",130990,180830
1989,"3","2",127920,176620
1989,"4","2",140680,194500
1990,"1","2",141470,194680
1990,"2","2",140020,192190
1990,"3","2",136370,188640
1990,"4","2",147550,206710
1991,"1","2",146750,205180
1991,"2","2",143030,200170
1991,"3","2",136650,193840
1991,"4","2",146100,209600
1992,"1","2",143110,205800
1992,"2","2",137120,198880
1992,"3","2",130270,191340
1992,"4","2",138010,205670
1993,"1","2",133160,200510
1993,"2","2",127360,192720
1993,"3","2",119590,184350
1993,"4","2",127390,197970
1994,"1","2",123730,193030
1994,"2","2",118440,185820
1994,"3","2",111410,178560
1994,"4","2",120860,193970
1995,"1","2",117830,189840
1995,"2","2",112500,182480
1995,"3","2",104900,173700
1995,"4","2",111160,187000
1996,"1","2",106470,181090
1996,"2","2",99333,172570
1996,"3","2",90438,163490
1996,"4","2",97566,177250
1997,"1","2",92626,171410
1997,"2","2",86783,163770
1997,"3","2",80519,156050
1997,"4","2",91051,173400
1998,"1","2",87959,169530
1998,"2","2",84332,164170
1998,"3","2",80117,158640
1998,"4","2",91632,177970
1999,"1","2",88980,174790
1999,"2","2",85388,169370
1999,"3","2",80073,162950
1999,"4","2",87576,179710
2000,"1","2",82617,175240
2000,"2","2",76140,168100
2000,"3","2",69336,160310
2000,"4","2",75345,175070
2001,"1","2",70712,170050
2001,"2","2",65437,162980
2001,"3","2",59508,155080
2001,"4","2",66338,169970
2002,"1","2",62652,165610
2002,"2","2",59518,160030
2002,"3","2",56585,154570
2002,"4","2",65830,172160
2003,"1","2",64174,169450
2003,"2","2",61094,164460
2003,"3","2",57684,158770
2003,"4","2",65709,176290
2004,"1","2",64103,173560
2004,"2","2",60600,168750
2004,"3","2",57265,163340
2004,"4","2",64474,179320
2005,"1","2",61460,174970
2005,"2","2",57345,168780
2005,"3","2",53960,162700
2005,"4","2",59961,178410
2006,"1","2",57999,175600
2006,"2","2",53775,170430
2006,"3","2",49070,164380
2006,"4","2",53341,178980
2007,"1","2",50460,174920
2007,"2","2",46420,168750
2007,"3","2",42718,162350
2007,"4","2",48710,177710
2008,"1","2",46437,174320
2008,"2","2",42025,168730
2008,"3","2",37743,162390
2008,"4","2",43264,177700
2009,"1","2",40001,173540
2009,"2","2",35608,167540
2009,"3","2",31985,161090
2009,"4","2",38067,176770
2010,"1","2",35645,173300
2010,"2","2",33208,168400
2010,"3","2",31412,163290
2010,"4","2",39358,181000
2011,"1","2",38830,179250
2011,"2","2",35830,175130
2011,"3","2",33390,169680
2011,"4","2",39624,185270
2012,"1","2",37674,181400
2012,"2","2",33523,174360
2012,"3","2",29625,166210
2012,"4","2",33237,179560
2013,"1","2",30278,174270
2013,"2","2",26910,167140
2013,"3","2",24007,159500
2013,"4","2",28758,173370
2014,"1","2",26791,169120
2014,"2","2",22451,162910
2014,"3","2",19229,156520
2014,"4","2",24509,172120
2015,"1","2",22359,168770
2015,"2","2",20073,163650
2015,"3","2",18594,158240
2015,"4","2",25757,175920
2016,"1","2",24682,173060
2016,"2","2",23279,167780
2016,"3","2",21601,161490
2016,"4","2",28202,178180
2017,"1","2",26019,173880
2017,"2","2",24907,168680
2017,"3","2",24141,162850
2017,"4","2",30137,178200
2018,"1","2",28873,174540
2018,"2","2",26215,169620
2018,"3","2",24382,164470
2018,"4","2",29536,180040
2019,"1","2",27851,177490
2019,"2","2",26017,173350
2019,"3","2",25095,168800
2019,"4","2",30646,184160
2020,"1","2",28700,180940
2020,"2","2",25856,174560
2020,"3","2",24079,167890
2020,"4","2",29273,181050
2021,"1","2",27514,176120
2021,"2","2",24983,168910
2021,"3","2",23441,161500
2021,"4","2",28954,173350
2022,"1","2",27300,168710
2022,"2","2",24624,162810
2022,"3","2",24172,157350
2022,"4","2",30357,170530
2023,"1","2",28906,167090
2023,"2","2",28003,161460
2023,"3","2",27562,155640
2023,"4","2",34642,169010
2024,"1","2",34251,166190
2024,"2","2",30296,158190
2024,"3","2",26131,149340
2024,"4","2",29377,159860
1952,"1","3",226900,226900
1952,"2","3",226190,227210
1952,"3","3",230590,232170
1952,"4","3",217610,219540
1953,"1","3",224060,227390
1953,"2","3",229520,235040
1953,"3","3",233350,239810
1953,"4","3",218480,226370
1954,"1","3",225510,234300
1954,"2","3",231940,241060
1954,"3","3",236490,245710
1954,"4","3",223240,231680
1955,"1","3",231330,239400
1955,"2","3",235760,245150
1955,"3","3",237840,248470
1955,"4","3",222550,232530
1956,"1","3",227860,237910
1956,"2","3",231580,243270
1956,"3","3",234740,246960
1956,"4","3",221870,233400
1957,"1","3",231890,243580
1957,"2","3",240590,256550
1957,"3","3",249190,266590
1957,"4","3",238010,255140
1958,"1","3",246670,266960
1958,"2","3",251630,275700
1958,"3","3",254840,281400
1958,"4","3",239190,264420
1959,"1","3",245750,271950
1959,"2","3",243600,274390
1959,"3","3",242830,275010
1959,"4","3",224750,253740
1960,"1","3",226730,255990
1960,"2","3",222660,254130
1960,"3","3",221320,252670
1960,"4","3",204490,233380
1961,"1","3",208350,237810
1961,"2","3",208360,239760
1961,"3","3",208680,240900
1961,"4","3",192910,223460
1962,"1","3",196220,227220
1962,"2","3",195420,228710
1962,"3","3",196500,229690
1962,"4","3",182110,213620
1963,"1","3",187030,218640
1963,"2","3",187910,222310
1963,"3","3",189960,223740
1963,"4","3",175210,207780
1964,"1","3",177880,212300
1964,"2","3",177590,215210
1964,"3","3",179870,216740
1964,"4","3",168010,201830
1965,"1","3",172870,206210
1965,"2","3",171870,209080
1965,"3","3",171830,209490
1965,"4","3",159000,194280
1966,"1","3",163660,198700
1966,"2","3",165970,203690
1966,"3","3",166340,204870
1966,"4","3",153720,190000
1967,"1","3",157250,193560
1967,"2","3",159620,197760
1967,"3","3",159130,197420
1967,"4","3",146760,181970
1968,"1","3",149960,184830
1968,"2","3",153020,189540
1968,"3","3",154240,190710
1968,"4","3",143980,177830
1969,"1","3",149060,182760
1969,"2","3",153970,190260
1969,"3","3",153590,190600
1969,"4","3",141360,176110
1970,"1","3",145270,179640
1970,"2","3",150870,186410
1970,"3","3",151330,186290
1970,"4","3",139900,172280
1971,"1","3",144520,176370
1971,"2","3",150530,184170
1971,"3","3",152040,186110
1971,"4","3",143050,174800
1972,"1","3",150280,182040
1972,"2","3",154980,191690
1972,"3","3",155820,194670
1972,"4","3",143960,181660
1973,"1","3",147590,185760
1973,"2","3",150190,189630
1973,"3","3",149660,189130
1973,"4","3",137930,174620
1974,"1","3",140970,177580
1974,"2","3",143130,180490
1974,"3","3",143850,181260
1974,"4","3",133160,169130
1975,"1","3",137220,174630
1975,"2","3",139030,179320
1975,"3","3",142290,182770
1975,"4","3",133630,171970
1976,"1","3",139900,178480
1976,"2","3",140900,181640
1976,"3","3",140950,183530
1976,"4","3",131320,171320
1977,"1","3",136300,177360
1977,"2","3",136170,181770
1977,"3","3",139850,186980
1977,"4","3",131360,177980
1978,"1","3",138410,186250
1978,"2","3",140420,190370
1978,"3","3",143250,193410
1978,"4","3",134210,181200
1979,"1","3",139830,187040
1979,"2","3",139340,189160
1979,"3","3",140010,191900
1979,"4","3",129110,180220
1980,"1","3",134610,186350
1980,"2","3",132520,188500
1980,"3","3",131200,189370
1980,"4","3",118720,175030
1981,"1","3",122170,178130
1981,"2","3",120670,177860
1981,"3","3",119940,177270
1981,"4","3",110960,163930
1982,"1","3",115670,168060
1982,"2","3",115800,169720
1982,"3","3",116360,171220
1982,"4","3",108440,159860
1983,"1","3",112860,165400
1983,"2","3",114150,169040
1983,"3","3",116600,171910
1983,"4","3",110340,161800
1984,"1","3",118400,169680
1984,"2","3",122200,175670
1984,"3","3",126610,180470
1984,"4","3",118680,169650
1985,"1","3",125950,177350
1985,"2","3",128090,183100
1985,"3","3",129730,185870
1985,"4","3",119780,173480
1986,"1","3",124730,180440
1986,"2","3",125780,183810
1986,"3","3",128210,185630
1986,"4","3",119960,173590
1987,"1","3",127530,181390
1987,"2","3",127720,185100
1987,"3","3",128360,186730
1987,"4","3",119220,174520
1988,"1","3",125610,181270
1988,"2","3",125070,183720
1988,"3","3",127150,185810
1988,"4","3",117810,173460
1989,"1","3",124630,180200
1989,"2","3",124630,182050
1989,"3","3",126760,185340
1989,"4","3",119420,175220
1990,"1","3",126250,184010
1990,"2","3",126210,188760
1990,"3","3",129460,192970
1990,"4","3",118850,181250
1991,"1","3",125620,189250
1991,"2","3",127530,191850
1991,"3","3",131830,195520
1991,"4","3",122620,182610
1992,"1","3",131240,191070
1992,"2","3",130050,193570
1992,"3","3",128490,194780
1992,"4","3",115590,180270
1993,"1","3",123740,188500
1993,"2","3",123800,188920
1993,"3","3",124180,190510
1993,"4","3",112300,176790
1994,"1","3",121500,186300
1994,"2","3",121350,188570
1994,"3","3",121640,191900
1994,"4","3",109660,179220
1995,"1","3",115770,187890
1995,"2","3",112520,188010
1995,"3","3",113070,190310
1995,"4","3",102940,176760
1996,"1","3",110520,185470
1996,"2","3",111690,187830
1996,"3","3",114460,191130
1996,"4","3",108230,180350
1997,"1","3",120960,193980
1997,"2","3",127870,202170
1997,"3","3",130410,205590
1997,"4","3",120370,193130
1998,"1","3",126730,202750
1998,"2","3",125560,207170
1998,"3","3",124250,208620
1998,"4","3",111830,192890
1999,"1","3",118240,200380
1999,"2","3",119040,205150
1999,"3","3",115120,202360
1999,"4","3",98815,181670
2000,"1","3",100630,184250
2000,"2","3",102970,189610
2000,"3","3",101850,190400
2000,"4","3",89570,175860
2001,"1","3",97289,183790
2001,"2","3",100150,190060
2001,"3","3",99487,191110
2001,"4","3",89108,177860
2002,"1","3",96448,186840
2002,"2","3",97353,190610
2002,"3","3",96889,192940
2002,"4","3",85217,181110
2003,"1","3",91632,191850
2003,"2","3",91195,194330
2003,"3","3",92957,197360
2003,"4","3",83038,182730
2004,"1","3",89197,190430
2004,"2","3",89038,191870
2004,"3","3",87822,192050
2004,"4","3",74694,176020
2005,"1","3",78622,183520
2005,"2","3",76726,186500
2005,"3","3",76313,186190
2005,"4","3",66206,170320
2006,"1","3",71669,176790
2006,"2","3",74322,181750
2006,"3","3",74973,182910
2006,"4","3",66700,169490
2007,"1","3",72239,178460
2007,"2","3",74450,184420
2007,"3","3",74573,186290
2007,"4","3",66200,172050
2008,"1","3",73715,180790
2008,"2","3",76042,186580
2008,"3","3",76914,188800
2008,"4","3",69007,174860
2009,"1","3",76620,184300
2009,"2","3",75575,188750
2009,"3","3",74405,189730
2009,"4","3",65956,176800
2010,"1","3",72537,185950
2010,"2","3",69999,188290
2010,"3","3",71210,190870
2010,"4","3",65907,179390
2011,"1","3",73686,188260
2011,"2","3",70801,187350
2011,"3","3",69242,187730
2011,"4","3",62460,177000
2012,"1","3",66636,184680
2012,"2","3",64968,185770
2012,"3","3",62393,186590
2012,"4","3",54586,173660
2013,"1","3",60681,180760
2013,"2","3",60328,181860
2013,"3","3",60527,182860
2013,"4","3",56023,171620
2014,"1","3",63161,180910
2014,"2","3",64049,183380
2014,"3","3",63998,187660
2014,"4","3",57020,177650
2015,"1","3",65357,189490
2015,"2","3",66409,193540
2015,"3","3",67085,198480
2015,"4","3",62454,188160
2016,"1","3",69888,199680
2016,"2","3",69540,200230
2016,"3","3",71239,202070
2016,"4","3",65191,189110
2017,"1","3",69741,195210
2017,"2","3",68530,194010
2017,"3","3",68132,194640
2017,"4","3",60521,181010
2018,"1","3",65230,187800
2018,"2","3",64512,186920
2018,"3","3",63216,187700
2018,"4","3",55561,174400
2019,"1","3",59025,179410
2019,"2","3",58392,178770
2019,"3","3",58036,181080
2019,"4","3",53305,170040
2020,"1","3",58216,177120
2020,"2","3",57879,177660
2020,"3","3",58738,178800
2020,"4","3",55275,167850
2021,"1","3",60987,173490
2021,"2","3",62989,173310
2021,"3","3",61583,172420
2021,"4","3",55104,160150
2022,"1","3",60860,166950
2022,"2","3",61962,168110
2022,"3","3",62116,169140
2022,"4","3",56053,157490
2023,"1","3",61793,164220
2023,"2","3",62469,165400
2023,"3","3",62779,167680
2023,"4","3",56271,157040
2024,"1","3",61985,164970
2024,"2","3",60590,165110
2024,"3","3",60967,168150
2024,"4","3",53248,157410
1952,"1","4",157820,157820
1952,"2","4",157310,157350
1952,"3","4",184340,185740
1952,"4","4",174950,176600
1953,"1","4",165260,168980
1953,"2","4",154540,158070
1953,"3","4",181490,186650
1953,"4","4",171630,177090
1954,"1","4",163470,169150
1954,"2","4",153410,158770
1954,"3","4",180520,187600
1954,"4","4",171170,178040
1955,"1","4",163900,170330
1955,"2","4",154400,160470
1955,"3","4",181640,189920
1955,"4","4",172150,180210
1956,"1","4",164570,172880
1956,"2","4",153630,163400
1956,"3","4",183360,195580
1956,"4","4",176480,188250
1957,"1","4",171780,182850
1957,"2","4",163270,173550
1957,"3","4",193980,207500
1957,"4","4",184440,198280
1958,"1","4",176480,189980
1958,"2","4",162260,178670
1958,"3","4",187380,208300
1958,"4","4",174300,196120
1959,"1","4",164880,185590
1959,"2","4",153220,173310
1959,"3","4",172670,198290
1959,"4","4",160370,184670
1960,"1","4",150530,172940
1960,"2","4",138940,160200
1960,"3","4",155710,183100
1960,"4","4",144640,171700
1961,"1","4",136990,162410
1961,"2","4",126680,151880
1961,"3","4",143390,176050
1961,"4","4",132040,164890
1962,"1","4",125240,156320
1962,"2","4",119400,147260
1962,"3","4",139220,172070
1962,"4","4",130670,163520
1963,"1","4",124990,156550
1963,"2","4",117540,146560
1963,"3","4",132190,169380
1963,"4","4",123400,159400
1964,"1","4",116420,151270
1964,"2","4",106910,141340
1964,"3","4",123500,163780
1964,"4","4",117680,156010
1965,"1","4",114300,149930
1965,"2","4",108580,140470
1965,"3","4",125220,162760
1965,"4","4",119950,155840
1966,"1","4",117910,151460
1966,"2","4",111770,142710
1966,"3","4",130090,166030
1966,"4","4",125350,158740
1967,"1","4",121690,152580
1967,"2","4",112300,140920
1967,"3","4",127710,161200
1967,"4","4",120310,152690
1968,"1","4",116850,147070
1968,"2","4",110280,137880
1968,"3","4",128890,161540
1968,"4","4",127910,158450
1969,"1","4",128420,156590
1969,"2","4",118760,145950
1969,"3","4",135320,168060
1969,"4","4",131110,161680
1970,"1","4",128450,157060
1970,"2","4",117530,144480
1970,"3","4",133160,164860
1970,"4","4",128080,158220
1971,"1","4",125980,153830
1971,"2","4",115670,142190
1971,"3","4",131250,162840
1971,"4","4",127640,157750
1972,"1","4",126280,154420
1972,"2","4",117800,143460
1972,"3","4",130690,162780
1972,"4","4",122830,155220
1973,"1","4",118210,148530
1973,"2","4",106480,135930
1973,"3","4",118190,151220
1973,"4","4",111740,142790
1974,"1","4",107410,135890
1974,"2","4",98072,124750
1974,"3","4",108130,139110
1974,"4","4",102920,131910
1975,"1","4",100070,126720
1975,"2","4",93145,118970
1975,"3","4",104470,134600
1975,"4","4",99372,129210
1976,"1","4",92052,124870
1976,"2","4",86148,117510
1976,"3","4",94170,131380
1976,"4","4",87932,125400
1977,"1","4",84913,121770
1977,"2","4",81071,116800
1977,"3","4",90834,133900
1977,"4","4",89403,130430
1978,"1","4",87321,127270
1978,"2","4",83902,120940
1978,"3","4",95760,136310
1978,"4","4",91502,129850
1979,"1","4",86783,124590
1979,"2","4",81938,118000
1979,"3","4",92406,133660
1979,"4","4",87376,128980
1980,"1","4",82392,125680
1980,"2","4",77400,119690
1980,"3","4",87001,134620
1980,"4","4",80569,127630
1981,"1","4",76426,121580
1981,"2","4",72999,113430
1981,"3","4",81334,126200
1981,"4","4",76655,119800
1982,"1","4",74486,115300
1982,"2","4",70862,109070
1982,"3","4",79323,123090
1982,"4","4",75641,118540
1983,"1","4",73345,115670
1983,"2","4",69900,110560
1983,"3","4",80321,125930
1983,"4","4",79888,122710
1984,"1","4",79903,121200
1984,"2","4",77029,117020
1984,"3","4",89385,134760
1984,"4","4",86929,132770
1985,"1","4",86485,131750
1985,"2","4",80128,125690
1985,"3","4",89175,142110
1985,"4","4",84452,137060
1986,"1","4",81685,132580
1986,"2","4",78202,123890
1986,"3","4",87673,137860
1986,"4","4",83217,131900
1987,"1","4",80334,127400
1987,"2","4",73887,120250
1987,"3","4",81838,134340
1987,"4","4",74298,128050
1988,"1","4",71189,123020
1988,"2","4",68156,116090
1988,"3","4",75881,129250
1988,"4","4",71919,122510
1989,"1","4",69082,117140
1989,"2","4",67504,111370
1989,"3","4",77302,125520
1989,"4","4",75019,121900
1990,"1","4",75399,120500
1990,"2","4",75136,117860
1990,"3","4",84755,134740
1990,"4","4",80545,130380
1991,"1","4",78788,126460
1991,"2","4",76390,120550
1991,"3","4",85009,135030
1991,"4","4",80910,128700
1992,"1","4",78450,123440
1992,"2","4",72016,117730
1992,"3","4",78680,131420
1992,"4","4",73631,124840
1993,"1","4",70593,119310
1993,"2","4",68090,113740
1993,"3","4",74573,126770
1993,"4","4",67700,120590
1994,"1","4",65350,116150
1994,"2","4",64843,112450
1994,"3","4",72674,126650
1994,"4","4",64400,121850
1995,"1","4",59371,118270
1995,"2","4",59060,114700
1995,"3","4",67393,129380
1995,"4","4",66754,126110
1996,"1","4",67986,124710
1996,"2","4",68837,121440
1996,"3","4",79776,138510
1996,"4","4",82279,138420
1997,"1","4",86187,139930
1997,"2","4",85877,136370
1997,"3","4",96238,153700
1997,"4","4",93248,150460
1998,"1","4",91889,149810
1998,"2","4",82175,144250
1998,"3","4",89207,161960
1998,"4","4",85607,158630
1999,"1","4",83942,155710
1999,"2","4",79283,145650
1999,"3","4",86098,159870
1999,"4","4",83078,155450
2000,"1","4",83339,154240
2000,"2","4",78230,146040
2000,"3","4",84394,162210
2000,"4","4",80085,157200
2001,"1","4",78735,151770
2001,"2","4",71813,138970
2001,"3","4",74499,149980
2001,"4","4",70055,142390
2002,"1","4",68372,136820
2002,"2","4",62064,127960
2002,"3","4",63800,141060
2002,"4","4",57126,135220
2003,"1","4",52470,130500
2003,"2","4",48525,123820
2003,"3","4",55859,137210
2003,"4","4",56609,132290
2004,"1","4",57022,129590
2004,"2","4",54985,125180
2004,"3","4",54368,140710
2004,"4","4",43826,136150
2005,"1","4",39044,132280
2005,"2","4",39115,125210
2005,"3","4",46086,139670
2005,"4","4",45664,135640
2006,"1","4",45766,133860
2006,"2","4",45711,128210
2006,"3","4",51476,144510
2006,"4","4",49766,140690
2007,"1","4",48744,137500
2007,"2","4",45495,129390
2007,"3","4",50008,143430
2007,"4","4",46506,138490
2008,"1","4",46623,136190
2008,"2","4",46756,129660
2008,"3","4",54437,145260
2008,"4","4",51426,139810
2009,"1","4",45399,134000
2009,"2","4",42608,124330
2009,"3","4",45093,135310
2009,"4","4",39399,127260
2010,"1","4",31934,120060
2010,"2","4",30009,112870
2010,"3","4",31779,123630
2010,"4","4",28872,117000
2011,"1","4",26124,111840
2011,"2","4",29756,108810
2011,"3","4",34554,122210
2011,"4","4",34379,118810
2012,"1","4",33574,115860
2012,"2","4",35046,112380
2012,"3","4",39364,125750
2012,"4","4",38157,121790
2013,"1","4",36206,118010
2013,"2","4",35662,112010
2013,"3","4",39129,123500
2013,"4","4",35653,117920
2014,"1","4",33068,113050
2014,"2","4",32039,108470
2014,"3","4",34695,120910
2014,"4","4",33293,116200
2015,"1","4",30623,112100
2015,"2","4",30875,109340
2015,"3","4",37167,123410
2015,"4","4",35130,119280
2016,"1","4",32248,115320
2016,"2","4",32995,113070
2016,"3","4",38614,127310
2016,"4","4",37844,122060
2017,"1","4",34331,117000
2017,"2","4",35197,112650
2017,"3","4",41943,125700
2017,"4","4",40992,120050
2018,"1","4",39232,114390
2018,"2","4",37221,108270
2018,"3","4",42227,120290
2018,"4","4",39260,113810
2019,"1","4",33928,107410
2019,"2","4",30513,102410
2019,"3","4",35530,115360
2019,"4","4",31423,109600
2020,"1","4",29831,104440
2020,"2","4",29905,100680
2020,"3","4",35814,114310
2020,"4","4",35227,109530
2021,"1","4",34876,105620
2021,"2","4",35841,102390
2021,"3","4",41850,116890
2021,"4","4",40990,112440
2022,"1","4",39864,108490
2022,"2","4",38550,103980
2022,"3","4",42581,117420
2022,"4","4",40527,112270
2023,"1","4",37505,106100
2023,"2","4",34195,99486
2023,"3","4",35928,109870
2023,"4","4",31269,102550
2024,"1","4",25690,95117
2024,"2","4",23863,91181
2024,"3","4",25611,101350
2024,"4","4",23290,95111
1952,"1","5",175850,175850
1952,"2","5",177710,177710
1952,"3","5",173710,173750
1952,"4","5",174920,175030
1953,"1","5",175180,175530
1953,"2","5",185010,185870
1953,"3","5",180210,181220
1953,"4","5",180670,181870
1954,"1","5",179650,181630
1954,"2","5",188550,191540
1954,"3","5",183000,186260
1954,"4","5",182490,186160
1955,"1","5",180360,184980
1955,"2","5",188590,193690
1955,"3","5",181400,186310
1955,"4","5",178450,183750
1956,"1","5",174980,180940
1956,"2","5",182550,188930
1956,"3","5",175940,182070
1956,"4","5",175900,182280
1957,"1","5",177300,184870
1957,"2","5",191950,200110
1957,"3","5",191420,199230
1957,"4","5",195160,203100
1958,"1","5",196220,205210
1958,"2","5",207720,217970
1958,"3","5",202570,212470
1958,"4","5",201040,211530
1959,"1","5",196400,208880
1959,"2","5",202710,216780
1959,"3","5",193120,206690
1959,"4","5",186900,201210
1960,"1","5",179390,195050
1960,"2","5",182770,199700
1960,"3","5",173280,189360
1960,"4","5",169120,185520
1961,"1","5",165390,182510
1961,"2","5",171550,189780
1961,"3","5",164550,181750
1961,"4","5",160380,178190
1962,"1","5",155700,174260
1962,"2","5",160280,180330
1962,"3","5",153460,172530
1962,"4","5",150760,170280
1963,"1","5",148510,168300
1963,"2","5",154800,175780
1963,"3","5",148610,168750
1963,"4","5",145640,165940
1964,"1","5",141220,162440
1964,"2","5",145580,168260
1964,"3","5",139460,160830
1964,"4","5",136800,158250
1965,"1","5",133900,155790
1965,"2","5",138960,162010
1965,"3","5",132880,154760
1965,"4","5",130360,152560
1966,"1","5",128080,150910
1966,"2","5",134120,158110
1966,"3","5",128650,151760
1966,"4","5",126360,149930
1967,"1","5",123320,147740
1967,"2","5",128600,153930
1967,"3","5",122930,146860
1967,"4","5",120270,144320
1968,"1","5",117490,141490
1968,"2","5",122620,147320
1968,"3","5",117560,141170
1968,"4","5",117160,140350
1969,"1","5",116660,139400
1969,"2","5",122620,146470
1969,"3","5",117580,140070
1969,"4","5",116270,138570
1970,"1","5",114440,136860
1970,"2","5",119830,143250
1970,"3","5",114460,136700
1970,"4","5",113060,135170
1971,"1","5",111190,133730
1971,"2","5",117050,140730
1971,"3","5",113160,135510
1971,"4","5",113480,135740
1972,"1","5",114600,136650
1972,"2","5",122620,145840
1972,"3","5",119440,141460
1972,"4","5",119080,140820
1973,"1","5",117080,139350
1973,"2","5",121190,145210
1973,"3","5",114440,138150
1973,"4","5",111390,135510
1974,"1","5",108890,133310
1974,"2","5",113280,139110
1974,"3","5",109140,133850
1974,"4","5",109670,133650
1975,"1","5",110460,134170
1975,"2","5",117840,142480
1975,"3","5",116260,139470
1975,"4","5",117500,140020
1976,"1","5",116240,139270
1976,"2","5",120880,145490
1976,"3","5",116650,139940
1976,"4","5",114390,137950
1977,"1","5",111340,136150
1977,"2","5",116400,143060
1977,"3","5",114060,139600
1977,"4","5",114620,140050
1978,"1","5",113780,140320
1978,"2","5",118990,147890
1978,"3","5",115560,143050
1978,"4","5",114160,141540
1979,"1","5",112030,140200
1979,"2","5",116550,146580
1979,"3","5",112390,141420
1979,"4","5",111030,140110
1980,"1","5",109140,139250
1980,"2","5",113400,145670
1980,"3","5",108640,139590
1980,"4","5",105120,136600
1981,"1","5",100830,133650
1981,"2","5",102780,137950
1981,"3","5",97726,131250
1981,"4","5",94968,128500
1982,"1","5",93054,126670
1982,"2","5",97135,132450
1982,"3","5",94636,127970
1982,"4","5",94643,127370
1983,"1","5",94639,127170
1983,"2","5",100230,134450
1983,"3","5",99128,131540
1983,"4","5",100570,132620
1984,"1","5",101080,133550
1984,"2","5",108240,142390
1984,"3","5",107800,140270
1984,"4","5",109470,141780
1985,"1","5",109400,141860
1985,"2","5",115280,149600
1985,"3","5",112600,145440
1985,"4","5",112040,145170
1986,"1","5",109870,143520
1986,"2","5",113840,150060
1986,"3","5",111020,145630
1986,"4","5",111990,146370
1987,"1","5",112200,146610
1987,"2","5",118790,155010
1987,"3","5",117520,151760
1987,"4","5",118100,152220
1988,"1","5",116080,150580
1988,"2","5",120130,156910
1988,"3","5",116790,151920
1988,"4","5",115220,150390
1989,"1","5",111730,147000
1989,"2","5",115120,152210
1989,"3","5",112530,147810
1989,"4","5",114130,148830
1990,"1","5",115460,150230
1990,"2","5",123470,160450
1990,"3","5",123780,159130
1990,"4","5",126150,161470
1991,"1","5",125030,161380
1991,"2","5",131710,170730
1991,"3","5",132330,169670
1991,"4","5",136360,173080
1992,"1","5",134770,172040
1992,"2","5",140690,179930
1992,"3","5",139570,176790
1992,"4","5",140570,177290
1993,"1","5",134680,172250
1993,"2","5",136750,176860
1993,"3","5",134480,172740
1993,"4","5",137470,175180
1994,"1","5",135680,174090
1994,"2","5",141250,182510
1994,"3","5",140710,180560
1994,"4","5",142830,182270
1995,"1","5",136780,177380
1995,"2","5",137220,181360
1995,"3","5",132460,174960
1995,"4","5",131240,173450
1996,"1","5",124710,168240
1996,"2","5",127210,173990
1996,"3","5",126440,171510
1996,"4","5",131730,176410
1997,"1","5",132240,177390
1997,"2","5",139620,187590
1997,"3","5",138260,184610
1997,"4","5",139590,185620
1998,"1","5",135320,181920
1998,"2","5",139170,189090
1998,"3","5",135400,184060
1998,"4","5",134970,184160
1999,"1","5",128800,179220
1999,"2","5",129670,183950
1999,"3","5",123850,176040
1999,"4","5",122250,174080
2000,"1","5",116830,169350
2000,"2","5",119660,175860
2000,"3","5",117490,171500
2000,"4","5",118740,172640
2001,"1","5",112860,167820
2001,"2","5",113460,172190
2001,"3","5",108880,165490
2001,"4","5",108280,165130
2002,"1","5",105260,163020
2002,"2","5",110090,171800
2002,"3","5",110190,170300
2002,"4","5",113020,173690
2003,"1","5",110290,172330
2003,"2","5",113190,180230
2003,"3","5",110650,177060
2003,"4","5",111890,178640
2004,"1","5",108730,176010
2004,"2","5",112880,183910
2004,"3","5",112320,181480
2004,"4","5",113560,183720
2005,"1","5",108120,178740
2005,"2","5",107890,182770
2005,"3","5",103950,176070
2005,"4","5",103150,174970
2006,"1","5",98550,170220
2006,"2","5",102120,177680
2006,"3","5",104040,176760
2006,"4","5",109520,182070
2007,"1","5",107210,180230
2007,"2","5",110930,188090
2007,"3","5",111120,185510
2007,"4","5",113550,187780
2008,"1","5",107450,182020
2008,"2","5",107760,186490
2008,"3","5",104520,180760
2008,"4","5",104620,180380
2009,"1","5",98972,174250
2009,"2","5",99809,178800
2009,"3","5",97459,173740
2009,"4","5",97711,174040
2010,"1","5",92970,170090
2010,"2","5",94362,175900
2010,"3","5",92837,171910
2010,"4","5",93498,172250
2011,"1","5",90035,168990
2011,"2","5",92331,175550
2011,"3","5",91792,172470
2011,"4","5",92944,173480
2012,"1","5",88691,169640
2012,"2","5",89613,174600
2012,"3","5",86910,169180
2012,"4","5",86479,167910
2013,"1","5",81546,162990
2013,"2","5",82611,168000
2013,"3","5",81589,163960
2013,"4","5",83750,164860
2014,"1","5",82040,162530
2014,"2","5",85418,169950
2014,"3","5",86543,168190
2014,"4","5",89962,170900
2015,"1","5",88240,169790
2015,"2","5",91701,178120
2015,"3","5",91907,176080
2015,"4","5",93591,177180
2016,"1","5",89486,173780
2016,"2","5",90208,179330
2016,"3","5",87576,173510
2016,"4","5",86081,171120
2017,"1","5",81482,166080
2017,"2","5",81908,170380
2017,"3","5",79300,164250
2017,"4","5",78677,162200
2018,"1","5",75149,157920
2018,"2","5",76308,162360
2018,"3","5",73946,156240
2018,"4","5",73347,153660
2019,"1","5",69854,149390
2019,"2","5",70702,153800
2019,"3","5",69181,148890
2019,"4","5",69639,147820
2020,"1","5",67203,145290
2020,"2","5",69063,150800
2020,"3","5",68168,146570
2020,"4","5",69324,146140
2021,"1","5",68768,145010
2021,"2","5",73093,152740
2021,"3","5",74969,151390
2021,"4","5",79177,153860
2022,"1","5",78441,152200
2022,"2","5",81737,158480
2022,"3","5",81774,155190
2022,"4","5",83304,155480
2023,"1","5",79352,151040
2023,"2","5",80106,154920
2023,"3","5",78409,150310
2023,"4","5",78963,149780
2024,"1","5",75429,146010
2024,"2","5",76311,150210
2024,"3","5",74704,145560
2024,"4","5",74183,143800
