path,mode,sha256
.github/pages/index.html,100644,db271a29ad5b6bf62aaba480f7e9db946046a8d598764e4cbfbc417ec8c99706
.github/workflows/render-quarto.yml,100644,680f53246baf99dc60cfee08d82736373d289a4c59e91c626278c4dfd9cca5ee
.gitignore,100644,79227c5c72e0d92cb4b7dc49e2e2fddb96d34a3c914d6827f38e8c33adb78ca4
README.md,100644,3adf7d278beed63d0343e41b72471be8f6adc4532c0412560e773ba6a5211162
REVISION_CHANGES.md,100644,b30ccc76e07b304f279d6c4058c73c6b26b1759fe8a0dd801b3ef40f036e06ff
SCreport.cls,100644,6a7e0cdf28f05644a5f6d8f483ccba48f28f271063e346536256f369ba075003
WCPFC-SC22-2026-SA-WP-06-draft-diff.pdf,100644,c4769cd159526ee7e52d29217fb8613effb59c45dd5a5101740f00cd6581fa1d
WCPFC-SC22-2026-SA-WP-06.pdf,100644,541adc4d9831b8a623bc644210379bd47c857c00eac2b8d7bf148290b80e9583
_quarto.yml,100644,9ce2f69ac8ad409faf318b083443713403340a53fee789d07c49bded0074e2b0
figures/F_adult_juv_regions.png,100644,1661a688d4f42753a369013116c8c374196a1ccb2a3ccfe3cbacda3a7fb46821
figures/WCPFC-logo.png,100644,6bbab657d8d384c39314248cd3b6bfae6e407de2aff4b4f434c9835b540ca414
figures/caal_aggregate_fits.png,100644,a59d72a271850ce02e2e06e05fd5261caab2e96c9ac0ff5f6c605ff1cd78e824
figures/caal_fits_regions.png,100644,1fa8bb310f5e03910534a2dfad41d9d3783917d49e964d3b34121bc350845814
figures/catch_by_fishery_longline.png,100644,33446bae38fffa717036f0231c2615105c62d69f8d047b9a5399c68035f60d6f
figures/catch_by_fishery_other.png,100644,f50050e2e59778a0d9854729bd1e229a73a6e1eb8a89cab82e7249243d6666de
figures/catch_by_fishery_ps.png,100644,754c3efd0e097f2235a71de798017abe2e0541c45ed6a07ad2cec74cfa8f0635
figures/catch_by_gear.png,100644,f8914f4aaef7f8516b6d8f12666c6cbf723ef62899e3c0d52ba4cbd08c26db3c
figures/catch_hist_full.png,100644,db4e10335d896a791b8d4b89471c1932496f261a9b17afad4b9a4e410d568580
figures/catch_hist_regional.png,100644,3fc722a9a07af798fa5f965e2346895abda207e1c39e0bc7d0cacf0fb1b2fcbf
figures/catch_map.png,100644,281c469c7a242e8a284deb1ea97e73c6a01d885532c1a483066689030770688f
figures/combined_kobe_majuro_status.png,100644,c8e763ca039a1b32657affad2b51307e70637323025862f495fe94e9b6be924c
figures/cpue_fit_1_5.png,100644,4f17f3cf92d81e34868101f7ade3ecb7d9b455bd70d48c129a3611a3ba9dc0e1
figures/cpue_nom_maps.png,100644,cea2075df278e9cf82369b27ff3a2023cb65366f14b26d6eb68c347fac3f36ec
figures/cpue_resids_1_5.png,100644,a7b120b73b78a8e963e87affa5df60f3fd3b0724fec6f22c60164e504807d206
figures/data_coverage_tile.png,100644,aa0edb2e92e199141413caa6bbe5e0a2f2d2cc4ea64c2bb4fbc7ab25ef76b7aa
figures/diag_profile_data_sources.png,100644,7bd5173e03c1f3f9aa34af221029c3856d0e16916185105918672f339cefe2f1
figures/diag_profile_data_tag_programmes.png,100644,0e85ed6f4989ad3167a50113450fe41b8412fc43cce5e47dc7f967bea07b9f03
figures/diag_profile_data_tag_rel_groups.png,100644,9d05b99f006ff933a92afd089b4931147accac7cd39265ffc59b2d7b44d2627d
figures/diag_time_series.png,100644,8c4e62c0a52dc8e1fb03fde15529f253ef64510a30f58da8aced85c522cdf86c
figures/dynamic_msy.png,100644,3a2a0c02e52cfa29c95374b3d0829b6bdac327fe7dbcb807a09bbb1c1181d47c
figures/ensemble_design_retention.png,100644,159ee14dc105dfe9b764935a622a8ca44488864f0cf66c9738e2f4806d07d252
figures/ensemble_est_uncert_ribbon.png,100644,c170fddea835ff42d20fb6c98c24c045935157a3f431cd7750d38ade25c143b5
figures/ensemble_individual.png,100644,4b89870ef92c44bb6c59b35b8526048afd2dd41936260310ddb11cdddabe3cdb
figures/growth_curve.png,100644,b0e73d49cf21f8a98ba8f7145919ec3471c9c8f8689f05c96761e468ceb7167e
figures/impact_region.png,100644,fe35992bf56b1d029002dc3d362d3ddb42f2be9544459ac3a490e63e14217236
figures/jitter_derived_values_diag_panel.png,100644,d563f0190fb1289c1d4bcdd18373c541eb06294fbd32f00d10d744fa18932cee
figures/jitter_regional_depletion.png,100644,ca02911ddd48dae9a0a7d2bcb1c9bbd8fa7d2644f5e0d521b561e94bd2114c39
figures/jitter_scatter_plot.png,100644,31ca6ef1eec12f1bc70e3fefc5e885e21e5637c6c710c52f4b007fe24628b811
figures/length_fit_aggregated_dompl.png,100644,3f164fd39d506b4468b7139d49263c1cb2d6546cf3061cf42b5e5e1ee9f94dc6
figures/length_fit_aggregated_ll.png,100644,924926c6df8388eff3c8e9f5d1bed0eb189d6b57ef2d4c1668efecf397807ab3
figures/length_fit_aggregated_ps.png,100644,3cd72b0568685b37755bd49992d7f444cebf7fb8f3b6abf25f852eae0a88c06c
figures/length_fit_time_series_ll.png,100644,fd37bf0a48ddd055efe9e818a592cca70abdf7173d40dde85247c6eccaf89060
figures/length_fit_time_series_other.png,100644,f27b513e369154754b8e0b133f2759a0b54e5c457918529ded69fc50ac574118
figures/management-uncertainty-continuous-axes_steep_M.png,100644,181a3c30cb9ae51f449806ba369063021a678f44b926f767441df4b1de770b50
figures/management-uncertainty-discrete-axes_tag_rep_effcrp.png,100644,61cd8ad5bd027c882ba6c0701c11b3706927688e5b417ac5ed76cef66153fc0b
figures/management-uncertainty-discrete-axes_tau_mix.png,100644,3f600526a4a857ea7ff23ed894256552c467187c3d9aa7f2447fef66f2696e57
figures/map_5regions.png,100644,837ce33ffc977a78b056fcde00efd2ce86585cf27a18b7d5de2527c6a9b5f1b9
figures/maturity_ogive.png,100644,0ef0e139602dfd5d32af324ecba64639b241da4d717bc287e39ac7d00017da9c
figures/movement_bar_plots.png,100644,05e4c52a8d407da55da44d65d97a95ce7c2f570f45407ba55a9dd568ae897bcd
figures/natm_at_age.png,100644,afffc54386ab788cf1699ebef12f7f2fc7c9f75b2250494eb41ef484946d695a
figures/recruitment_annual.png,100644,a06f1c2d8757c35a86d75412024589ee4d9db6274e58fcddaa95b7824ed13f85
figures/recruitment_regions.png,100644,448458ff15afd9f1b9a7d6e8d15fb8fadc8813b8d58fdf4d914313f86279747f
figures/retrospective_diag_panel.png,100644,cc0b0fe5bee564c8439afdd4aa644d13c9b89685f066eb974e398b84ffdbfe89
figures/select_age.png,100644,74112bef9b9db742e9e49d6fed858b7284adbfaba66ca518417e15857d59c64b
figures/select_length.png,100644,dbe7e5e8e7a4d59b98cbb201e4dcbd94c1eadd73660c5ef4b83e07fcf558429f
figures/selftest_recovery_diag.png,100644,4c12ed79081fea3118089ed731d13508f260f3bdf8780b2e11f0dce6cc02e4b3
figures/selftest_time_series.png,100644,8cdcc411ea2338c3558f85c59714e9ff80273b369fa4eaea433bd7c6f2bce2a2
figures/sensitivity_CAAL.png,100644,98ba1a1174ebce82890b310bb831b110936ebf66a4e71818a664636b392fba04
figures/sensitivity_effort_creep.png,100644,84254f1e5515575c8605a9057d84ce571c8553d24484abecb1283e4f23326797
figures/sensitivity_natural_mortality.png,100644,7290912dcfe89e397dfa46e96432dbbb8dfb09c07aea96724b3ab1951e6c2c97
figures/sensitivity_premixing_tag_reporting_rate.png,100644,59fa91509e2f899d6222bc002a5b337655920f4044c66605720f63603357b22d
figures/sensitivity_regional_scaling.png,100644,cabf87264c53410d8481c169f411a7ce4b79564d4d7433f8ae085587f44330c1
figures/sensitivity_steepness.png,100644,aad85b9beaf9096d1ba4d84cce9fdde4bcb0e0a42ad0038061e0df79486a20a3
figures/sensitivity_tag_mixing_periods_Kstatistic_cutoff.png,100644,199115ce1f7078e7ade6aeef879f09acbee5eb7d9ae165fbcd9e3bf5eb1d809b
figures/sensitivity_tag_overdispersion.png,100644,4fe21e593a4d5cb87fccc8e8004294a672034fb5474baa95afdae999ea5b677e
figures/stepwise_panel.png,100644,e284ae5ffe2b49691c9e11946a41bd1517d3a7a17abc15659e451b3f8b3348df
figures/stepwise_panel_reduce.png,100644,5e6ba64cf9afc904d3409f87a37c0ed83573c7fbdf9e9af218cb4c506c5546d8
figures/stock_rr.png,100644,718e35b2f4b411a989abb59a391864792a2e824c87253b67a5d9421b9c3eeff3
figures/tag.histograms.png,100644,f339932e731bfdf42682014572a98409b968fedd0ac86691628f83f70273091f
figures/tag.histograms.regional.png,100644,bed1a09544f2201a34b62c489dcbb7152e06f0647afa1d4790ea3fbfaf698f28
figures/tag.plot.png,100644,286de35ce45c05c1409f005fc441ad6b0a5290f58c1fe26b3e002cfba88886cd
figures/tag_attrition_all.png,100644,280303882656ebcd3b8df054c4f5a1b93bfd70bfbb4c795a017deb7c72755f2b
figures/tag_displacement_map.png,100644,8600147f07cf7175f5119209f8fb0009cf438a7551afccbfa37925f8bd330425
figures/tag_recapture_fit_years_groups.png,100644,71d02eed4d1a44ac478f447619f13d5ea9719e05e6a45ea3bc8bdb8968bfec8b
figures/tag_release_recapt.png,100644,286de35ce45c05c1409f005fc441ad6b0a5290f58c1fe26b3e002cfba88886cd
figures/tag_report_rate_jptp.png,100644,a8db7af74356978245c75520277f3cec1f9ddd9498b65b8945c405cab52deb2f
figures/tag_report_rate_rttp_pttp.png,100644,618cc5eff25ef29e28e39498c31420a8a5dfb7948e0fa522ea4c40aabde89427
figures/time-dynamic-kobe-majuro.png,100644,6591e5e2a077d5a5b39e7e22a5b94dedc06d52af82f7fe46080d33aaa8520bfb
figures/timeseries_model_regions_stack.png,100644,883699a1c9272dfdc9c6c6975cdf2c97082fc47b123b1ec9a420857da99a8369
figures/yield.png,100644,0f5f98d5fd101f6e315cb086658c994f3421ffdaebd8671a4be82f33e2c09dae
figures_new/README.md,100644,74712c37be673243244680549ba05ba4b119872e3433dd3fecb8b2fc7adb9c53
figures_new/UPSTREAM_ANALYSES.txt,100644,695ace3c65cd2e2a701611aab7c9165ae72cee937ca6a7773be3b359cffd5ac1
figures_new/UPSTREAM_DIAGNOSTIC.txt,100644,078ddf704f8da96c7f217b7f3796e3b39e4056a7f410ebfd73a4aca33df61020
figures_new/UPSTREAM_ENSEMBLE.txt,100644,32598175c6b76c6ec5ba8f34855e1e78a22ad958423b04403130fa707de1f6d7
figures_new/UPSTREAM_STEPWISE.txt,100644,95e86e21c6043bcb6c5c88833bcb4fd6d53d36b933f43f9c7069c1edf24903ad
figures_new/age-data-fit-by-region.png,100644,88a85171040f25bd39d7800b70e0f415115da3727749ecb4d0a92435e3bb6522
figures_new/age-data-growth-by-region.png,100644,a310198c8ae277a9df8ff5f2ea8289dab18da82ba10dcd49674d910dedd157b9
figures_new/appendix-mfcl-movement.png,100644,b4361dab7fe7e9e14d2f2c3ce0b7bc4526b863a7ce68c59fab726814f24048e3
figures_new/appendix-no-tag-model-comparison.png,100644,dffdf496bd3a7d0f3cfe2e89dc7ce8e4b5eaeed210b8b432153bd6ff4b6ceeeb
figures_new/appendix-seapodym-movement.png,100644,b6c3531f9e807e71ec4764bd7950e23ec979ece957815d4477965a1bbb60ae67
figures_new/aspm-comparison.png,100644,f880ea6905a4d7597da21d062d305271e43772e06f685a2710d9252920cf64d4
figures_new/cpue-fit-residuals.png,100644,3760dd1dd9b63f822c27867616c6de473fa9fad6a1c55dce85f54ea2492240b9
figures_new/diagnostic-population-dynamics.png,100644,1d7d212df7145bf32dbf0540c0be552b90938e8c1359e02a8fa3b911174474b9
figures_new/f-juvenile-adult-by-area-2col.png,100644,df185deb7f88ec87533617cf58118f005a2b525761d965d2bd75ee67704baae6
figures_new/f-juvenile-adult-by-area.png,100644,845c13156c67444b22cbde9289990ea2536d704936842df50cea042ecc9ae912
figures_new/fishery-impact/README.md,100644,fe3f0f4fdd006e3e704a10e40a2142bd6bec68f9c249ab7ecfee6ccee70d3d86
figures_new/fishery-impact/figure-index.csv,100644,bf74dd23a0c9944d13c0412e2a1cedbfe340a1eabfca56487ecd17dbf2160839
figures_new/fishery-impact/fishery-impact-groups.csv,100644,208cb520e5d188dc79991ac275c8bf6e5e4ea284a14086bf9cce5bc202908b5b
figures_new/fishery-impact/fishery-impact-method.txt,100644,0df5f4a343d72038a290e7a4f3b2e222b7920a01125f8cdcea873bd9fce96461
figures_new/fishery-impact/fishery-impact-sources.csv,100644,b74ffaf2abfafa4a27254bc348d46129f823ee12165a86f5a6a84da53dcc0fab
figures_new/fishery-impact/fishery-impact-totals.csv,100644,0973d3eaa0f54bfea81b12fc0169a649863dc6d5d8cfc1b711eca2f1d9b15032
figures_new/fishery-impact/fishery-impact.pdf,100644,3a1080fc1dc6260b762f5a311707b87c49353db4ddac0ea0437d401b726deea9
figures_new/fishery-impact/fishery-impact.png,100644,79832c61b585feed8fa8039314a89bd49c9d79f3478808878603ae3f05b18f67
figures_new/fishery-impact/fishery-impact.rds,100644,313bc28cd57b401bf96cfc80c048e2c3f9997e2d98c111a564b93dd3dcb60ef0
figures_new/fishery-impact/inputs/all_off.csv,100644,275a2738f3d8e8bf5102623fb8732dbc57b8d41b6c551f492f41127407d6baf3
figures_new/fishery-impact/inputs/checksums.csv,100644,34b4507142574b4eeff9ea84793f5143594c4228b629572c0cbd17f34cd31150
figures_new/fishery-impact/inputs/controls/all_off.txt,100644,847b2eea96da1d48c5dbc3d2c7d215b57cf2a3820c4d2576794b39be67fee1ed
figures_new/fishery-impact/inputs/controls/longline.txt,100644,76eca52c7503c59e998513066c380c93dfce20c8b685d31aa6931ca6276bde76
figures_new/fishery-impact/inputs/controls/miscellaneous.txt,100644,5be7b02d2d973487e1e2b6929433d2e8ab2ae564469b4be87c0c1f5ac5d41256
figures_new/fishery-impact/inputs/controls/pole_line.txt,100644,df8514846dac4cfa221f1b188b05ed2e41b7a74acd7184b75d04f1e5a680d676
figures_new/fishery-impact/inputs/controls/ps.txt,100644,1e5fc5db3799288e0de8a0d38209147f53eadd3da5ee7aa544afa28e9a94c3fe
figures_new/fishery-impact/inputs/controls/ps_associated.txt,100644,f82cbe27676641c09a41753b4d33915f65b4c87a6b30589475e05ffccc67a693
figures_new/fishery-impact/inputs/controls/ps_unassociated.txt,100644,73e91f58e088f1ab5d6059912e92a07108cc84c563c502f2d05cf9f3064243b8
figures_new/fishery-impact/inputs/figure29-diagnostic-depletion.csv,100644,7112a0e91c5d286d3c9f8574183539577c5f247ce0aff10442132629843641f1
figures_new/fishery-impact/inputs/groups.json,100644,6297aece2bc3f9c1e481f834756979f937c5212714ec9f627ee827c5e573e787
figures_new/fishery-impact/inputs/longline.csv,100644,248f90588bb42a768c4161cd59a98579e5b5d7f619f3a9444f8de8788868dc9b
figures_new/fishery-impact/inputs/miscellaneous.csv,100644,1e39dcaa0e6d34e71d1b7cd01b0823d871aaac834532bc173fe892d71c12fa48
figures_new/fishery-impact/inputs/pole_line.csv,100644,07a37cc19e4f294bafcebec4499cfd088219cc07d63f4f7c826ac865e2eb2993
figures_new/fishery-impact/inputs/provenance.json,100644,ba3218921498cadfc3e3478c4dcb6072cda0da8f829f80b0aa578da15741c28a
figures_new/fishery-impact/inputs/ps.csv,100644,8c89c5365affc64823e89a67333b47201741c52bc2a583ed6b6c9c28fe883644
figures_new/fishery-impact/inputs/ps_associated.csv,100644,fa9529520aba75a7cf1ca6f393b00be33f530b68f934e2237b569e5de9b91cff
figures_new/fishery-impact/inputs/ps_unassociated.csv,100644,2e907a5022e3b18ecbdb356ea0273f5576ee2404b7ae0956c874cd02fa53f6cd
figures_new/fishery-impact/inputs/reference.csv,100644,275a2738f3d8e8bf5102623fb8732dbc57b8d41b6c551f492f41127407d6baf3
figures_new/fishery-process.png,100644,d6db6a0466c2f853e2881f83145ea1dee5a1a73a87c32b50b95b9f60ce3829e9
figures_new/fishery-selectivity-length.png,100644,31c60b43b2ff4c04ae8ac36a5a7c1e49932961b72b3c5e01588430d8d4345497
figures_new/growth-curve.png,100644,44a0f3068539d9f6086037372d3881fc3ba6a2d2e8a35e72cfb6f44ebc33cd87
figures_new/hessian-parameter-scales.png,100644,ca54776674711c333ad874cd83fd914ecf50f6719813170afcbcb61e7ea956ad
figures_new/jitter-derived-diagnostic-model.png,100644,5866854fafc2e2f87cd4e7b63f69228352137f23484de4da7bf85e05f99f26e8
figures_new/jitter-diagnostics-diagnostic-model.png,100644,31ca6ef1eec12f1bc70e3fefc5e885e21e5637c6c710c52f4b007fe24628b811
figures_new/jitter-diagnostics.png,100644,2fa0590ddaa5b00d9d6a6a1c13412f75043a3520ce6b20d9f76b25e268d56308
figures_new/jitter-regional-depletion-diagnostic-model.png,100644,ca02911ddd48dae9a0a7d2bcb1c9bbd8fa7d2644f5e0d521b561e94bd2114c39
figures_new/length-frequency-fit-by-fishery.png,100644,bc87fddd2e6bef1ce08fc454a414380b55be32d92c9dd24764fda47cc8a14e0c
figures_new/length-frequency-fit-by-region.png,100644,09add2adde4acaacfb1de556ab7c954942db5d6016f0320f67815c7e88665ef0
figures_new/likelihood-profile-caal-region-detail.png,100644,021a39880b3907b4e63398251359f3f1ed0d19fdf86e00f7fa0421081252e4f5
figures_new/likelihood-profile-components.png,100644,7266cf2160a91085c3b4fca9713b9551a5ef9e71682ff393ed700a972b6f3e5f
figures_new/likelihood-profile-cpue-detail.png,100644,c05f89fe0f191360971ba5d0f8eca4e035cea2446dac3599ba0cf45ed48bd3ef
figures_new/likelihood-profile-lf-detail.png,100644,a64bd9b4ee70d0c29071f47d1da68f56343493745be95431c8b64f74978607be
figures_new/likelihood-profile-penalty-detail.png,100644,38b42ea830fb1e08bf7ce93abbd3dd9bbfbd1d835785a0a4106fca0c120b1e6e
figures_new/likelihood-profile-tag-detail.png,100644,9a96a066865f74cf7dfef2e332009229e04c36c54ff7a37c3c1620ba72a1208e
figures_new/maturity-comparison.png,100644,5fac5d4814872bcdad2c5bee094dd6b1e5c35141ff2a4bda142dbd85c79853e7
figures_new/natural-mortality-evidence.png,100644,f57d7eb59ce2c28c5ebf088a41d74ffe5826b19464c247885640410113aa4c21
figures_new/projection-stock-trajectories.png,100644,fc43007e28e9148ae33b975bd860145886877af4d0767017a120f5c7951ec288
figures_new/recruitment-by-area-2col.png,100644,47c513801db7ba6e542c330c456dfdaca4b1782ebc61267505977a012e7715a0
figures_new/recruitment-by-area.png,100644,583d006f8ac6cbe409fae2806c3461c35427848261584a3457908d8b17445e48
figures_new/region-map.png,100644,987c8000ca90b906502713de402b2c09c599f99b590fa14ccd0596b85e29f12c
figures_new/regional-movement.png,100644,ee318a041fe0ad5a3906ef12d25e6d700cafc14fc989bc624f01bc88b4501211
figures_new/retrospective-diagnostics.png,100644,cc0b0fe5bee564c8439afdd4aa644d13c9b89685f066eb974e398b84ffdbfe89
figures_new/self-test-diagnostics.png,100644,dffccce61e1f016c39a418680d2648b3a823b86598cf9c5f34082cd58767fa30
figures_new/selftest-key-recovery-diagnostic.png,100644,df1e2f0181a19c1a8f9c4f7c53181f47614cbd396465a37889fb70ee98f36cad
figures_new/selftest-recovery-diagnostic.png,100644,8cdcc411ea2338c3558f85c59714e9ff80273b369fa4eaea433bd7c6f2bce2a2
figures_new/sensitivity-conditional-age-at-length.png,100644,98ba1a1174ebce82890b310bb831b110936ebf66a4e71818a664636b392fba04
figures_new/sensitivity-effort-creep.png,100644,84254f1e5515575c8605a9057d84ce571c8553d24484abecb1283e4f23326797
figures_new/sensitivity-natural-mortality.png,100644,7290912dcfe89e397dfa46e96432dbbb8dfb09c07aea96724b3ab1951e6c2c97
figures_new/sensitivity-pre-mixing-tag-reporting.png,100644,59fa91509e2f899d6222bc002a5b337655920f4044c66605720f63603357b22d
figures_new/sensitivity-regional-scaling.png,100644,cabf87264c53410d8481c169f411a7ce4b79564d4d7433f8ae085587f44330c1
figures_new/sensitivity-steepness.png,100644,aad85b9beaf9096d1ba4d84cce9fdde4bcb0e0a42ad0038061e0df79486a20a3
figures_new/sensitivity-tag-mixing-periods-ks-d-statistic-cutoff.png,100644,199115ce1f7078e7ade6aeef879f09acbee5eb7d9ae165fbcd9e3bf5eb1d809b
figures_new/sensitivity-tag-overdispersion.png,100644,4fe21e593a4d5cb87fccc8e8004294a672034fb5474baa95afdae999ea5b677e
figures_new/spatial-structure-comparison.png,100644,acce3fa987b73325979fda10d1e85bc99921e4fea0579a45a332005188185080
figures_new/stock-recruitment.png,100644,c00205b15e4dc7168169fe83f08852f3d89c292788f73c910285e5e9e4f0931b
figures_new/tag-attrition-by-program.png,100644,0a5c99ff17b6093ac074a45d925fcad7a70b70a78275cf49b6c1116de7be2c3a
figures_new/tag-reporting-rates-active.png,100644,5039d3677ccba440c07620ad9a914fa1585b48c307716cb4d1043a9a15bc3587
figures_new/total-biomass-with-without-fishing-2col.png,100644,a077fa1cb0f1c575faf3e8afe32ec726a65110c5d361ce09bba31eee818ddefe
inline-code.lua,100644,ad136651de034661b0e44feea7e5b0f839eb0b49ba73ab95b9aea2029ca8d68d
main-diff.tex,100644,5046c7c7f82292a036864d6cf8ce0126ada159e1a827c9c0b8b0890499a15dac
main.qmd,100644,d46320c22ef6636cf14d69379461b254cb9528580faad42ff1a5dba162d3470c
main.tex,100644,ba368cd6e2e7ac98b963dca6e3b66796bd1d0f65a0a911104e023d02b1c051d5
page-breaks.lua,100644,2f5ba1632719b8028176a55bbff9391c4c7fdc85315efe9470706ee94d9e6d3c
references/apa.csl,100644,558a07de253222c61146abdb312daea66ec6b426d7237b5643f2391abbd143bb
references/references.bib,100644,0076c9d12e30f88de06d64083a4bbec0e118d3242f02226c2b1a55cdd1028a59
scripts/audit-assessment-values.R,100644,ac80c227217f727bc67bed052b805a6d8e0316cf2ba682567d8db3d5d1c26577
scripts/audit-cross-references.R,100644,8c2426318f771c0218fa77a5439b431300ddf41797e1f33d5e62a2389b9531a9
scripts/build-draft-diff.sh,100755,28a82a9f461eb25c4014a695c1af481ea6f942e854a8377d31e3cb1cd551106f
scripts/build-fishery-impact.R,100644,b41e77516e3965290c7a4ae5dce43920d627baaeae215ed3e475f1ab5854f22a
scripts/build-john-appendix-figures.sh,100755,3d73cd3061ebe1b058d74626b527002bb2db2feee9ca11bd9e56c1304e248ebe
scripts/build-revision-regional-figures.R,100644,f893f651bd57ee5499ee8a3df90a7684bdbf4c5f4bbe0981594cb47233df45c7
scripts/extract-fishery-impact-inputs.R,100644,b2b12125f8deddd9c5a551fa64ed7cca4407c65b43f89c5033c0c8913cf7def5
scripts/finalize-rev2-cover.py,100644,c2d6cf7a96feb782c47ca369f9163bd9b6dd28e07f828c1762df5a2c13bcd8b2
scripts/fishery-impact-style.R,100644,9dfb9be5d3260bc4db767e1e70cf20ec94372b07ac860173973e0baa2a68ee03
scripts/prepare-rev2-cover.py,100644,d4c68acfb21c5bf72a803bbb5be2037ad705faf556fe2b0319349f799dad7da4
scripts/sync-analysis-figures.sh,100755,3841a0648a0796b454321bfa4a9e08713e2831d33a78b12ec73816b83e20cde0
scripts/sync-diagnostic-figures.sh,100755,d257671f205ff0535fb58a9b555f0aa4e6b585e8bf3aee4fa7cbaff5401d75d2
scripts/sync-ensemble-figures.sh,100755,0056079d8ffdd26b61676b1900fc8c20af1fac09c7e73dcd073a8c32a412b828
scripts/sync-stepwise-figures.sh,100755,ff43f8b7482b789c9e9a47ee52852ed9e3a21f770ecc178429648a2889cf030d
scripts/vendor/mfclshiny/LICENSE,100644,19d7949a9e8c4cc829cce22875dcd6aacd0287e887d3f12eed6fd7c330be3abc
scripts/vendor/mfclshiny/README.md,100644,cb4c8eac848f61a4e0cbaafdfd5f5ad3c3bf50ac5b37c1c4e523d9a2a1ef8b5b
scripts/vendor/mfclshiny/fishery-impact.R,100644,d18dfb87f607c24264c51bcb7017c55677f56c1f35779e0f3efcec1eb2e8b9ff
scripts/verify-rev2.py,100644,ba4fff40ddb202ffd5be032bbca3b421cdab296d98053b0a4d37faf84b6da034
sections/Appendices.qmd,100644,ed92edab2976460a0d0e7c58a8124b6574cc1b01dc4060fee850c5eba95ff615
sections/Appendix-no-tag-movement.qmd,100644,37c7972ec07d859605c53f1c103143b1a16ccf89e19cec48fff148f6aa9a682b
sections/Data-compilation.qmd,100644,9956d52456ab6989af8246365e243a63ada7ddfea5c2f9d39ebe44c859b3d599
sections/Discussion.qmd,100644,f4fee112c32423b177240631f5f09ceef64dda98234d692b760b5f9a33fe81f6
sections/Executive-summary.qmd,100644,12cecb4d71beaff73145809ccc15b53d10926830214a8f2cf4905b69a9d0fb70
sections/Figures.qmd,100644,fdf30d3cb046ed046baa1dd9f217868e03591024ce7c620016e5f80bd8645efc
sections/Introduction.qmd,100644,e272040205cc6c4844c414230d3f647c227799dfb55830ea9be6c4af074baa9f
sections/Model-description.qmd,100644,23d812262d45052d0ddc8027c9c56e043f004e5ceee63bd9e209b965d05053e0
sections/Model-development.qmd,100644,0e5e16d80f6389ae1f9e8048fc3fc03d7a34621f2808c47b05a873a4223d9278
sections/Results.qmd,100644,c0764ce1314f240e81c66af412670bb47c6e70998a6c825276e7092061f95966
sections/Stock-assessment-results.qmd,100644,73b515b6827246243535eaf8193f9fb31b63736382c528f6faae6ed5deb4eefa
sources/Appendix for bigeye.docx,100644,ce004d33f8f13cfdd6727680443ecd29b8f573957059f74311a5b7c1cb010b42
sources/WCPFC-SC22-2026-SA-WP06_Rev01.pdf,100644,263726a1d8abce66a2b951b63e975961d9c945cb0d4d1ae80e200e33fec7934d
sources/rev2-verification.json,100644,fc3ec79465c6894cc086cd827790e1e6d4b0d486e0e766d4bc01f99cc9a45665
sources/wcpfc-sc22-cover-rev2.pdf,100644,ba8ad6b7f12a14c60f93b4e6875722cf93da76c60c4b1e46804c85ad172bab8a
styles/revision.tex,100644,a2dfe81a715f3a20d856093abc16788b42b52ec27d7405055cc8cfab78c050e7
styles/wcpfc-sc22.tex,100644,26adcd9ca9b2fdd5e0d45e699850c84e8e78ca5bddd6cb2488b193e8a376c6f8
tables/Assessment-tables.qmd,100644,986cdd89f022d842fdb186f73f8a74f863db8780d40743029e12ea50adaf5ef4
tables/source/dm-configuration.csv,100644,bc31a95f71b2207fdd3238dbb987bae0c1bac63b97624d349f74a071da7632aa
tables/source/dm-groups.csv,100644,aea0b43e2423996458cc5e0f795a618133c545232b1c4e967392ff45c48cd9fb
tables/source/tag-reporting-rate-groups.csv,100644,c1d12c0ef0ad997a1ec5d109f55a9541fe9fa2f1b2512537caa4a92e1db92168
