path,bytes,sha256,mode,source_repository,source_commit,source_path
shared/final.par,2956541,21dcaea9db8c89ddc8c29fa3c3a5e514b50bef6e26587c168c00c05f35fbebc3,420,PacificCommunity/ofp-sam-bet-2026-diagnostic,81c11f06fcc7450f69b379160cbd77fbc636212b,results/reference/final.par
shared/bet.age_length,1403841,426859b825bd815aa69c8d97c9dd93097027ed1eb6b9e444d88b69562097a00c,420,PacificCommunity/ofp-sam-bet-2026-diagnostic,81c11f06fcc7450f69b379160cbd77fbc636212b,model/bet.age_length
shared/bet.frq,2932052,d0d84f0a498e6a62681f2a58ffc1ba53dab9e3d6af856b4ad1fd907196250004,420,PacificCommunity/ofp-sam-bet-2026-diagnostic,81c11f06fcc7450f69b379160cbd77fbc636212b,model/bet.frq
shared/bet.ini,66791,fbd064c3d0ccb4d2e1b9beb06fe3eacf0180677821e6a1773d20b308474d984e,420,PacificCommunity/ofp-sam-bet-2026-diagnostic,81c11f06fcc7450f69b379160cbd77fbc636212b,model/bet.ini
shared/bet.reg_scaling,1186,5f047ddb4053d1f6df9ace18e85e440b11553de246d024ce8138b427f5f9f7e3,420,PacificCommunity/ofp-sam-bet-2026-diagnostic,81c11f06fcc7450f69b379160cbd77fbc636212b,model/bet.reg_scaling
shared/bet.tag,110051,b140e66eb52f2b7e022ef2c562134f8bc9baf3dede18ce95283a001acd2b013f,420,PacificCommunity/ofp-sam-bet-2026-diagnostic,81c11f06fcc7450f69b379160cbd77fbc636212b,model/bet.tag
shared/mfcl.cfg,31,2ec8a291fae62c6f37541aec1de37444626d42b3290b371bb42b63d510034eae,420,PacificCommunity/ofp-sam-bet-2026-diagnostic,81c11f06fcc7450f69b379160cbd77fbc636212b,model/mfcl.cfg
shared/doitall.sh,50762,96ea1dae6e8119a142d6a9cc3f5c3b99d20da8e31b1067e02e5701fbb0bf51fa,493,PacificCommunity/ofp-sam-bet-2026-diagnostic,81c11f06fcc7450f69b379160cbd77fbc636212b,model/doitall.sh
shared/mfclo64,9433720,8995f72019869863c1d1c0b4f44fc6a6268d1f79031f5bc79dc354ee10f0a63e,493,PacificCommunity/ofp-sam-bet-2026-diagnostic,81c11f06fcc7450f69b379160cbd77fbc636212b,mfclo64
controls/longline.txt,190,76eca52c7503c59e998513066c380c93dfce20c8b685d31aa6931ca6276bde76,420,PacificCommunity/ofp-sam-bet-2026-report,d7f230f8fa54b8b6481a4f872f325624426d09a8,figures_new/fishery-impact/inputs/controls/longline.txt
controls/pole_line.txt,127,df8514846dac4cfa221f1b188b05ed2e41b7a74acd7184b75d04f1e5a680d676,420,PacificCommunity/ofp-sam-bet-2026-report,d7f230f8fa54b8b6481a4f872f325624426d09a8,figures_new/fishery-impact/inputs/controls/pole_line.txt
controls/ps.txt,127,1e5fc5db3799288e0de8a0d38209147f53eadd3da5ee7aa544afa28e9a94c3fe,420,PacificCommunity/ofp-sam-bet-2026-report,d7f230f8fa54b8b6481a4f872f325624426d09a8,figures_new/fishery-impact/inputs/controls/ps.txt
controls/ps_associated.txt,127,f82cbe27676641c09a41753b4d33915f65b4c87a6b30589475e05ffccc67a693,420,PacificCommunity/ofp-sam-bet-2026-report,d7f230f8fa54b8b6481a4f872f325624426d09a8,figures_new/fishery-impact/inputs/controls/ps_associated.txt
controls/ps_unassociated.txt,127,73e91f58e088f1ab5d6059912e92a07108cc84c563c502f2d05cf9f3064243b8,420,PacificCommunity/ofp-sam-bet-2026-report,d7f230f8fa54b8b6481a4f872f325624426d09a8,figures_new/fishery-impact/inputs/controls/ps_unassociated.txt
controls/miscellaneous.txt,145,5be7b02d2d973487e1e2b6929433d2e8ab2ae564469b4be87c0c1f5ac5d41256,420,PacificCommunity/ofp-sam-bet-2026-report,d7f230f8fa54b8b6481a4f872f325624426d09a8,figures_new/fishery-impact/inputs/controls/miscellaneous.txt
controls/all_off.txt,55,847b2eea96da1d48c5dbc3d2c7d215b57cf2a3820c4d2576794b39be67fee1ed,420,PacificCommunity/ofp-sam-bet-2026-report,d7f230f8fa54b8b6481a4f872f325624426d09a8,figures_new/fishery-impact/inputs/controls/all_off.txt
