path,bytes,sha256
reproduce/reader.R,16257,3a3847d6fef1d99a4efe7174bfebdfcadf068a1d4578b3517894418f44ca288f
reproduce/reader-native.tar.xz,4129728,e873fe90798d875ed88b92d536e520b96c3070d7044a7b9a8a73278b64abf228
reproduce/READER-FILES.csv,3482,f991fdceafdb4309463bbd1d64a607086c47db96d6bb7556cf7da9fb3af710a0
reproduce/READER-CASES.csv,803,8638c3e53ea28e1805346c124d62a2e9800166af97a259ced42d452878a60d84
reproduce/READER-PRESERVED.csv,22833,1592dfac78525408962696342b61fd0e21924f09ed51b19b1bd098b0f97f49de
reproduce/package.json,898,a4d00977e4aec5fc468a0f198e0e59f1fbbcad5ab5caa848a96ce47e5783742e
reproduce/files.json,196,72a8c0b6c3be59e1ca1dcc6f7f257a99555bd3f440c14090c1a903a58f119e45
reproduce/closure.json,32041,8e1e6ae4e9a7d12976a07629fd9da2c6da2db188e9d6a12f5d8d03794d983752
reproduce/expected-reports.json,671,899a9dda9654334a6d3cdc7ed2a13120025226b81d21e86a8046989b6ca82771
reproduce/native.tar.gz,45,272adeccafe73e7009d51f2ec2be9871db5e0eb14239f483ea429be26c3c6402
