"year","region","sb","sb_nofish","depletion","impact_percent","sum_group_gain","raw_group_sum_percent"
1952,"1",448252.5,455017.5,0.9851324399611,1.48675600388996,6767.5,1.48730543330751
1953,"1",438252.5,464197.5,0.944107842028447,5.5892157971553,25987.5,5.59837138287044
1954,"1",435295,470387.5,0.92539661449337,7.46033855066301,35152.5,7.47309399165582
1955,"1",435757.5,481112.5,0.905728909558575,9.42710904414248,45442.5,9.44529605861415
1956,"1",442555,500845,0.883616687797622,11.6383312202378,58387.5,11.6577983208378
1957,"1",448600,521447.5,0.8602975371442,13.97024628558,72987.5,13.997094626017
1958,"1",399492.5,488387.5,0.817982646976018,18.2017353023982,89105,18.2447339458934
1959,"1",330920,435830,0.759286877911112,24.0713122088888,105227.5,24.1441617144299
1960,"1",293602.5,407935,0.719728633238138,28.0271366761862,114360,28.0338779462414
1961,"1",306147.5,421377.5,0.72653974168056,27.346025831944,115060,27.3056819597629
1962,"1",284827.5,396820,0.71777506174084,28.222493825916,111780,28.1689430976261
1963,"1",266217.5,375930,0.708157103716117,29.1842896283883,109470,29.119782938313
1964,"1",246882.5,351300,0.7027682892115,29.72317107885,104190,29.6584116140051
1965,"1",248710,342002.5,0.727216906309164,27.2783093690836,93155,27.2381049846127
1966,"1",255167.5,339647.5,0.751271538874863,24.8728461125137,84420,24.8551807388543
1967,"1",242827.5,324815,0.747587088034728,25.2412911965272,81937.5,25.2258978187584
1968,"1",229402.5,308112.5,0.744541360704288,25.5458639295712,78697.5,25.5418069698568
1969,"1",236197.5,311035,0.759392029835871,24.0607970164129,74890,24.0776761457714
1970,"1",222577.5,297850,0.747280510323989,25.2719489676011,75377.5,25.3072016115494
1971,"1",203015,278065,0.730099077553809,26.9900922446191,75207.5,27.0467336773776
1972,"1",187547.5,260985,0.71861409659559,28.138590340441,73647.5,28.2190547349465
1973,"1",157427.5,230555,0.682819717637874,31.7180282362126,73292.5,31.7895946737221
1974,"1",142667.5,211540,0.674423276921622,32.5576723078378,68915,32.577763070814
1975,"1",127555,194955,0.654279192634198,34.5720807365802,67320,34.5310456259137
1976,"1",108082.5,176050,0.613930701505254,38.6069298494746,67810,38.5174666287986
1977,"1",109420,178382.5,0.613400978234973,38.6599021765027,68797.5,38.567404313764
1978,"1",117222.5,191985,0.610581555850717,38.9418444149282,74717.5,38.9184050837305
1979,"1",113817.5,192062.5,0.592606573381061,40.7393426618939,78292.5,40.7640741945981
1980,"1",111705,191392.5,0.583643559700615,41.6356440299385,79875,41.7336102511854
1981,"1",100206,178895,0.560138628804606,43.9861371195394,78899,44.1035244137623
1982,"1",93592,171640,0.545280820321603,45.4719179678397,78192.5,45.5561058028432
1983,"1",93927.5,169605,0.553801479909201,44.6198520090799,75890.75,44.7455853306211
1984,"1",100355,175500,0.571823361823362,42.8176638176638,75545,43.045584045584
1985,"1",104380,180475,0.578362654107217,42.1637345892783,76685,42.4906496744701
1986,"1",97804.25,176462.5,0.554249486434795,44.5750513565205,79444.25,45.0204717716229
1987,"1",92318.5,174460,0.529167144331079,47.0832855668921,82973,47.5598991172762
1988,"1",86385.5,175475,0.49229519874626,50.770480125374,89910.5,51.2383530417438
1989,"1",77449.25,170560,0.454088004221388,54.5911995778612,93835.5,55.016123358349
1990,"1",82868,177785,0.466113564136457,53.3886435863543,95911.5,53.9480271113986
1991,"1",85929.5,183615,0.467987364866705,53.2012635133295,99112.5,53.9784331345478
1992,"1",82996,180977.5,0.458598444558025,54.1401555441975,99587.75,55.0276968131398
1993,"1",73304.25,172020,0.426137949075689,57.3862050924311,100178.75,58.2366875944658
1994,"1",64128,160275,0.400112306972391,59.9887693027609,97384.25,60.7607237560443
1995,"1",61429.25,154802.5,0.396823371715573,60.3176628284427,94804.5,61.2422280001938
1996,"1",54414.5,144855,0.375648061854958,62.4351938145042,92095,63.5773704739222
1997,"1",55017,143245,0.384076233027331,61.5923766972669,90285.25,63.0285524800168
1998,"1",55579.75,143317.5,0.387808536989551,61.2191463010449,90260,62.9790500113385
1999,"1",54793.25,142885,0.3834779717955,61.65220282045,90943.5,63.6480386324667
2000,"1",50756.5,137142.5,0.370100442969904,62.9899557030096,89239.5,65.070638204787
2001,"1",49743,131602.5,0.37797914173363,62.202085826637,84954,64.5534849261982
2002,"1",59791.5,139610,0.428275195186591,57.1724804813409,83767.75,60.0012534918702
2003,"1",64079.25,149220,0.429428025733816,57.0571974266184,90047.25,60.3452955367913
2004,"1",63312.75,153615,0.412152133580705,58.7847866419295,95943,62.4567913289718
2005,"1",60844.75,158387.5,0.38415121142767,61.5848788572331,104356,65.8865125088785
2006,"1",57596.75,158187.5,0.364104306598183,63.5895693401817,108003.5,68.2756222836823
2007,"1",55534.5,159725,0.347688214118015,65.2311785881985,112766.25,70.6002504304273
2008,"1",48262,155847.5,0.309674521567558,69.0325478432442,117112.25,75.1454145879786
2009,"1",46669.75,151232.5,0.308596035904981,69.1403964095019,115230.5,76.1942704114526
2010,"1",47112.75,145747.5,0.323249112334688,67.6750887665312,110288.75,75.6711092814628
2011,"1",48612.25,143030,0.339874501852758,66.0125498147242,107097.25,74.8774732573586
2012,"1",50246,144387.5,0.347994113063804,65.2005886936196,108767.5,75.3302744351139
2013,"1",47596,140977.5,0.33761415828767,66.238584171233,109490.5,77.6652302672412
2014,"1",55419,146732.5,0.377687288092277,62.2312711907723,110481.25,75.2943281140852
2015,"1",67074.75,161872.5,0.41436778946393,58.563221053607,118841.75,73.4168867472857
2016,"1",68844.25,166642.5,0.413125403183462,58.6874596816538,124836,74.9124623070345
2017,"1",66952.75,165337.5,0.404945943902623,59.5054056097377,126252.5,76.3604747864217
2018,"1",71943.5,171350,0.419862853807995,58.0137146192005,128517.25,75.0027721038809
2019,"1",86031,188032.5,0.457532607394998,54.2467392605002,134746,71.6610160477577
2020,"1",91739.25,198342.5,0.462529462923983,53.7470537076018,141989.25,71.5879098024881
2021,"1",84389.25,193785,0.435478752225404,56.4521247774596,144653.25,74.646257450267
2022,"1",75877.25,183380,0.413770585669102,58.6229414330898,141578.25,77.2048478569092
2023,"1",65700.25,170607.5,0.385095907272541,61.4904092727459,136931.75,80.261272218396
2024,"1",44616,152955,0.291693635382956,70.8306364617044,137148.25,89.6657513647805
1952,"2",261480,262152.5,0.997434699268556,0.256530073144445,672.5,0.256530073144448
1953,"2",267722.5,270022.5,0.991482191298873,0.851780870112673,2302.5,0.852706718884537
1954,"2",270462.5,275380,0.982142857142857,1.78571428571429,4917.5,1.78571428571429
1955,"2",273570,280340,0.975850752657487,2.41492473425127,6775,2.41670828279946
1956,"2",272712.5,280875,0.970939029817534,2.90609701824656,8162.5,2.90609701824655
1957,"2",277047.5,286527.5,0.966914170542095,3.30858294579054,9485,3.3103279789898
1958,"2",283300,295690,0.95809800804897,4.19019919510298,12400,4.1935811153573
1959,"2",273802.5,291967.5,0.937784171183436,6.22158288165635,18170,6.22329540102922
1960,"2",251595,274005,0.918213171292495,8.17868287075053,22417.5,8.18142004707943
1961,"2",238297.5,263327.5,0.90494726148997,9.50527385100303,25045,9.51097017971917
1962,"2",223955,251657.5,0.889919831517042,11.0080168482958,27710,11.010997089298
1963,"2",205035,234625,0.873883857218966,12.6116142781034,29597.5,12.614810868407
1964,"2",188682.5,220210,0.85682984423959,14.317015576041,31537.5,14.3215566958812
1965,"2",177885,209675,0.848384404435436,15.1615595564564,31795,15.1639441993561
1966,"2",171937.5,203712.5,0.844020371847579,15.5979628152421,31795,15.6077805731116
1967,"2",163522.5,196527.5,0.832059126585338,16.7940873414662,33022.5,16.8029919476918
1968,"2",150555,184822.5,0.814592379174613,18.5407620825387,34295,18.5556412233359
1969,"2",140257.5,175755,0.798028505590168,20.1971494409832,35532.5,20.217063525931
1970,"2",134982.5,170377.5,0.792255432788954,20.7744567211046,35372.5,20.7612507520066
1971,"2",134947.5,169972.5,0.793937254555884,20.6062745444116,34977.5,20.5783288473135
1972,"2",139727.5,176752.5,0.790526300900977,20.9473699099023,37125,21.003946195952
1973,"2",145285,187895,0.773224407248729,22.6775592751271,42972.5,22.8704861757897
1974,"2",145357.5,196265,0.740618551448297,25.9381448551703,51605,26.2935317045831
1975,"2",139522.5,197805,0.705353757488436,29.4646242511564,59210,29.933520386239
1976,"2",130430,195027.5,0.66877748009896,33.122251990104,65740,33.7080668110907
1977,"2",127232.5,197365,0.644655840701239,35.5344159298761,71512.5,36.2336280495529
1978,"2",127357.5,201512.5,0.632007939954097,36.7992060045903,75765,37.598163885615
1979,"2",124605,205227.5,0.607155473803462,39.2844526196538,82600,40.248017444056
1980,"2",118835,203320,0.584472752311627,41.5527247688373,86685,42.6347629352744
1981,"2",108670,194005,0.560140202572099,43.9859797427901,87590,45.1483209195639
1982,"2",100313,185710,0.540159388293576,45.9840611706424,87625.75,47.1841850196543
1983,"2",97001.5,184692.5,0.52520540899062,47.4794591009381,90085.25,48.7758030239452
1984,"2",98487.75,194815,0.505545004234787,49.4454995765213,99480.75,51.0642147678567
1985,"2",100196.75,209255,0.478826073451053,52.1173926548947,113377,54.1812620964851
1986,"2",99822.25,218955,0.455903039437327,54.4096960562673,123995.5,56.6305861935101
1987,"2",105417.5,232005,0.454375983276222,54.5624016723778,132087.5,56.9330402362018
1988,"2",123077.5,266277.5,0.462215170264104,53.7784829735896,150845,56.6495479340162
1989,"2",133227.5,290440,0.458709199834734,54.1290800165267,166417.5,57.2984093100124
1990,"2",141352.5,315412.5,0.448151230531447,55.1848769468553,185105,58.6866405104427
1991,"2",143132.5,336502.5,0.425353452054591,57.4646547945409,206370,61.3279247553881
1992,"2",137127.5,347065,0.395106104043911,60.4893895956089,225235,64.8970653912091
1993,"2",126875,349117.5,0.363416328313533,63.6583671686467,239597.5,68.6294728852034
1994,"2",118610,351697.5,0.337250051535766,66.2749948464234,252727.5,71.8593393470241
1995,"2",111597.5,356850,0.312729438139274,68.7270561860726,268390,75.2108729157909
1996,"2",98451.75,351830,0.279827615609812,72.0172384390188,278805,79.2442372736833
1997,"2",87744.75,345245,0.254152123854075,74.5847876145925,284227.75,82.3263914032064
1998,"2",86010,357017.5,0.240912560308668,75.9087439691332,302761.75,84.8030558726113
1999,"2",85504.25,376597.5,0.227044125359303,77.2955874640697,330530.5,87.7675767895432
2000,"2",75859.5,387260,0.195887775654599,80.4112224345401,357833.5,92.4013582606001
2001,"2",65498.75,395027.5,0.165808076652891,83.4191923347109,382446.5,96.8151584383366
2002,"2",61146.25,403485,0.151545286689716,84.8454713310284,401570.5,99.525509002813
2003,"2",62165.25,420477.5,0.147844414980588,85.2155585019412,427014,101.554542157428
2004,"2",61610.5,434150,0.141910629966601,85.8089370033399,450544.25,103.776171830013
2005,"2",58181.5,441795,0.131693432474338,86.8306567525662,470695,106.54149548999
2006,"2",53546.25,452642.5,0.118297000392142,88.1702999607858,498700.5,110.175359141044
2007,"2",47077,456287.5,0.103173985699806,89.6826014300194,518027,113.530833082212
2008,"2",42367.25,461250,0.0918531165311653,90.8146883468835,541909.25,117.487100271003
2009,"2",36415.25,460090,0.0791481014584103,92.085189854159,558903.25,121.476939294486
2010,"2",34905.75,462842.5,0.0754160432544548,92.4583956745545,578564.5,125.002457639478
2011,"2",36918.5,471657.5,0.0782739593879033,92.1726040612097,607319,128.762714469716
2012,"2",33514.75,462735,0.0724275233124791,92.7572476687521,606772.75,131.127481171729
2013,"2",27488.25,445132.5,0.061752961196947,93.8247038803053,590824,132.729917496476
2014,"2",23245,437455,0.053136894080534,94.6863105919466,585717.25,133.892000320033
2015,"2",21695.75,445197.5,0.0487328657505938,95.1267134249406,599865.5,134.741434981104
2016,"2",24441,456910,0.0534919349543674,94.6508065045633,620920.75,135.895635902038
2017,"2",26301,463290,0.0567700576312893,94.3229942368711,639235.25,137.977346802219
2018,"2",27251.5,467145,0.0583362767449079,94.1663723255092,656558.5,140.547046420276
2019,"2",27402.25,471572.5,0.0581082442254372,94.1891755774563,676059.5,143.362791511379
2020,"2",26977,467337.5,0.0577248776312622,94.2275122368738,679391.75,145.374969909327
2021,"2",26223,449417.5,0.0583488626944879,94.1651137305512,655494.5,145.854244661145
2022,"2",26613.25,437987.5,0.0607625788407203,93.923742115928,641525.25,146.471132167014
2023,"2",29778.25,439315,0.0677833672877093,93.2216632712291,646528.25,147.167351444863
2024,"2",30013.75,448675,0.066894188443751,93.3105811556249,666103,148.460021173455
1952,"3",225322.5,226455,0.994999006425118,0.500099357488237,1132.5,0.500099357488243
1953,"3",226352.5,232157.5,0.974995423365603,2.50045766343969,5810,2.50261137374412
1954,"3",229295,238237.5,0.962463927803138,3.75360721968624,8945,3.75465659268587
1955,"3",231870,241522.5,0.960034779368382,3.99652206316182,9650,3.99548696291236
1956,"3",229012.5,240640,0.951680934175532,4.83190658244681,11625,4.83086768617021
1957,"3",239920,255875,0.937645334636053,6.23546653639473,15955,6.23546653639472
1958,"3",248082.5,272712.5,0.909685107943347,9.03148920566531,24635,9.03332263830958
1959,"3",239232.5,269550,0.887525505472083,11.2474494527917,30315,11.2465219810796
1960,"3",218800,249972.5,0.875296282591085,12.4703717408915,31182.5,12.4743721809399
1961,"3",204575,236522.5,0.864928283778499,13.5071716221501,31957.5,13.5113995497257
1962,"3",192562.5,225905,0.852404771917399,14.7595228082601,33352.5,14.7639494477767
1963,"3",185027.5,219217.5,0.844036174119311,15.5963825880689,34197.5,15.5998038477768
1964,"3",175837.5,212582.5,0.827149459621559,17.2850540378441,36752.5,17.2885820798984
1965,"3",168892.5,205775,0.820762969262544,17.9237030737456,36887.5,17.9261329121613
1966,"3",162422.5,200267.5,0.811027750383862,18.8972249616138,37855,18.9022182830464
1967,"3",155690,193572.5,0.804298131191156,19.5701868808844,37892.5,19.5753529039507
1968,"3",150300,186567.5,0.80560654990821,19.439345009179,36290,19.451404987471
1969,"3",149495,185745,0.804839968774395,19.5160031225605,36270,19.5267705725592
1970,"3",146842.5,181975,0.806937766176673,19.3062233823327,35165,19.3240829784311
1971,"3",147535,181305,0.813739279115303,18.6260720884697,33807.5,18.6467554673065
1972,"3",151260,188837.5,0.801006156086582,19.8993843913418,37632.5,19.9285099622691
1973,"3",146342.5,186882.5,0.783072251280885,21.6927748719115,40642.5,21.7476221690099
1974,"3",140277.5,180377.5,0.777688458926418,22.2311541073582,40275,22.328172859697
1975,"3",138042.5,181600,0.760145925110132,23.9854074889868,43767.5,24.1010462555066
1976,"3",138267.5,184065,0.751188438866705,24.8811561133295,46035,25.0101866188575
1977,"3",135920,187610,0.724481637439369,27.5518362560631,52002.5,27.7184052022813
1978,"3",139072.5,195960,0.709698407838334,29.0301592161666,57310,29.2457644417228
1979,"3",137072.5,196842.5,0.696356223884578,30.3643776115422,60307.5,30.6374385612863
1980,"3",129262.5,195885,0.659889731219848,34.0110268780152,67225,34.3186053041325
1981,"3",118435,186510,0.635006165889228,36.4993834110772,68622.5,36.7929333547799
1982,"3",114067.5,183267.5,0.622409865360743,37.7590134639257,69812.5,38.0932243851201
1983,"3",113487.5,189750,0.598089591567852,40.1910408432148,77267.5,40.7206851119895
1984,"3",121472.5,208777.5,0.581827543676881,41.8172456323119,88812.5,42.5393061991833
1985,"3",125887.5,226412.5,0.556009495942141,44.3990504057859,102827.5,45.4159995583283
1986,"3",124670,235602.5,0.52915397756815,47.084602243185,113775,48.2910834986895
1987,"3",125707.5,246820,0.509308402884693,49.0691597115307,124442.5,50.4183210436756
1988,"3",123910,254825,0.486255273226724,51.3744726773276,134832.5,52.9118022172079
1989,"3",123860,260640,0.475214855739718,52.4785144260282,141685,54.3604205033763
1990,"3",125192.5,279657.5,0.447663660012694,55.2336339987306,160330,57.3308421908942
1991,"3",126900,291912.5,0.434719308011819,56.5280691988181,171625,58.7933027876504
1992,"3",126342.5,302237.5,0.418023905041565,58.1976094958435,183755,60.7982133256131
1993,"3",121005,308012.5,0.392857432734061,60.7142567265939,196212.5,63.7027718030924
1994,"3",118537.5,322425,0.367643638055362,63.2356361944638,215422.5,66.8132123749709
1995,"3",111075,328367.5,0.338264292294457,66.1735707705543,230265,70.1241748955058
1996,"3",111225,324287.5,0.342982692826581,65.7017307173419,226555,69.8623906256023
1997,"3",124902.5,334085,0.373864435697502,62.6135564302498,223997.5,67.0480566322942
1998,"3",122092.5,344040,0.354878793163586,64.5121206836414,238667.5,69.372020695268
1999,"3",112803.75,347375,0.324731917956099,67.5268082043901,253317.5,72.9233537243613
2000,"3",98755,349680,0.28241535117822,71.758464882178,273117.75,78.1050531914894
2001,"3",96508.5,355927.5,0.271146511578903,72.8853488421097,284077.75,79.8133749148352
2002,"3",93976.75,372352.5,0.252386515465856,74.7613484534144,307138.25,82.4858836720581
2003,"3",89705.5,388295,0.231024092506986,76.8975907493014,332516.25,85.6349553818617
2004,"3",85187.75,388270,0.219403379091869,78.0596620908131,340704.25,87.7493110464368
2005,"3",74466.75,380825,0.195540602639007,80.4459397360993,346346.75,90.9464320882295
2006,"3",71916,377645,0.190432813886057,80.9567186113943,349305,92.495597717433
2007,"3",71865.5,387730,0.185349341036288,81.4650658963712,366884,94.6235782632244
2008,"3",73919.5,388610,0.190215125704434,80.9784874295566,370213.5,95.2660765291681
2009,"3",73139,385082.5,0.189930729129472,81.0069270870528,372472.25,96.7253121084443
2010,"3",69913.25,391255,0.178689729204739,82.1310270795261,390955.75,99.9235153544364
2011,"3",69047.25,398007.5,0.173482283625309,82.6517716374691,408376.5,102.60522728843
2012,"3",62145.75,401147.5,0.154919948398033,84.5080051601967,426829.25,106.40207155722
2013,"3",59389.75,395165,0.150291017676161,84.9708982323839,426133,107.836726430731
2014,"3",62057,402107.5,0.154329377094434,84.5670622905566,437479.75,108.796714808851
2015,"3",65326.25,418417.5,0.156126954537035,84.3873045462965,460446.75,110.044811701231
2016,"3",68964.5,425630,0.162029227263116,83.7970772736884,472681.25,111.054495688744
2017,"3",66731,415275,0.160691108301728,83.9308891698272,468246.25,112.755704051532
2018,"3",62129.75,403990,0.153790316591995,84.6209683408005,465067.75,115.118629173989
2019,"3",57189.5,391890,0.145932532088086,85.4067467911914,459064,117.14103447396
2020,"3",57527,384517.5,0.149608275306065,85.0391724693935,453046.75,117.822140734817
2021,"3",60165.75,380487.5,0.158128059397483,84.1871940602517,449008,118.008607378692
2022,"3",60247.75,376315,0.160099251956473,83.9900748043527,447209.75,118.83920385847
2023,"3",60828,367532.5,0.165503730962568,83.4496269037432,435961,118.618353478944
2024,"3",59197.5,364207.5,0.16253783900661,83.746216099339,436114,119.743278213656
1952,"4",168605,169380,0.995424489313969,0.457551068603146,775,0.457551068603141
1953,"4",168230,172760,0.973778652465849,2.62213475341514,4535,2.6250289418847
1954,"4",167142.5,173647.5,0.96253905181474,3.74609481852604,6512.5,3.75041391324378
1955,"4",168022.5,175762.5,0.955963302752294,4.40366972477064,7752.5,4.41078159448119
1956,"4",169510,180852.5,0.937283145104436,6.27168548955641,11357.5,6.27997954133894
1957,"4",178367.5,191747.5,0.930220732995215,6.9779267004785,13395,6.9857494882593
1958,"4",175105,194857.5,0.898631050896168,10.1368949103832,19775,10.1484418100407
1959,"4",162785,187362.5,0.868823804123024,13.1176195876976,24607.5,13.1336313296417
1960,"4",147455,174047.5,0.847211249802496,15.2788750197504,26617.5,15.2932389146641
1961,"4",134775,165902.5,0.81237473817453,18.762526182547,31135,18.7670469100827
1962,"4",128632.5,161807.5,0.794972420932281,20.5027579067719,33170,20.4996678151507
1963,"4",124530,159845,0.779067221370703,22.0932778629297,35290,22.077637711533
1964,"4",116127.5,154800,0.750177648578811,24.9822351421189,38645,24.9644702842377
1965,"4",117012.5,153805,0.760784759923279,23.9215240076721,36777.5,23.9117713988492
1966,"4",121280,156182.5,0.776527459862661,22.3472540137339,34890,22.3392505562403
1967,"4",120502.5,153187.5,0.786634026927785,21.3365973072215,32697.5,21.3447572419421
1968,"4",120982.5,152500,0.793327868852459,20.6672131147541,31517.5,20.6672131147541
1969,"4",128402.5,159357.5,0.805751219741776,19.4248780258224,30970,19.4342908240905
1970,"4",126805,157532.5,0.804945011346865,19.5054988653135,30745,19.5166076841287
1971,"4",125135,155650,0.803951172502409,19.6048827497591,30542.5,19.622550594282
1972,"4",124400,155617.5,0.799395954825132,20.0604045174868,31245,20.0780760518579
1973,"4",113655,146405,0.776305454048701,22.3694545951299,32820,22.4172671698371
1974,"4",104133,134895,0.77195596575114,22.804403424886,30820.25,22.8475851588272
1975,"4",99264.25,129602.5,0.765913080380394,23.4086919619606,30406.5,23.46135298316
1976,"4",90075.5,127197.5,0.708154641404116,29.1845358595884,37177.75,29.2283653373691
1977,"4",86555.25,128417.5,0.674014445071739,32.5985554928261,41917,32.641189868982
1978,"4",89621.25,131837.5,0.679785721058121,32.0214278941879,42327.75,32.1060017066464
1979,"4",87125.75,130235,0.668988751103774,33.1011248896226,43282,33.2337697239605
1980,"4",81840.5,131482.5,0.622444051489742,37.7555948510258,49854.75,37.9174034567338
1981,"4",76853.5,125245,0.613625294422931,38.6374705577069,48636.5,38.8330871491876
1982,"4",75078,122157.5,0.614600004093077,38.5399995906923,47365.75,38.7743282238094
1983,"4",75863.5,126175,0.601256191797107,39.8743808202893,50687.75,40.1725777689717
1984,"4",83311.5,137540,0.605725607096117,39.4274392903883,54892.5,39.9102079395085
1985,"4",85060,150030,0.566953276011464,43.3046723988536,65974.25,43.9740385256282
1986,"4",82694.25,151587.5,0.545521563453451,45.4478436546549,70221.75,46.3242351777026
1987,"4",77589.25,151192.5,0.513181870793855,48.6818129206145,75154.5,49.7078228086711
1988,"4",71786.25,150085,0.478303961088716,52.1696038911284,80005,53.306459672852
1989,"4",72226.75,149730,0.482379950577707,51.7620049422293,79592.25,53.1571829292727
1990,"4",78958.75,160462.5,0.492069798239464,50.7930201760536,83968.75,52.3292046428293
1991,"4",80274.25,165637.5,0.484638140517697,51.5361859482303,88206.75,53.2528865745981
1992,"4",75694.25,165580,0.457146092523252,54.2853907476748,93171.5,56.2697789588115
1993,"4",70239,165132.5,0.425349340680968,57.4650659319032,98685.75,59.761555114832
1994,"4",66816.75,169375,0.394490036900369,60.5509963099631,106844,63.0813284132841
1995,"4",63144.5,176467.5,0.357825095272501,64.2174904727499,117267.5,66.4527462563928
1996,"4",74719.5,186075,0.401555824264409,59.844417573559,116183.5,62.4390702673653
1997,"4",90387.5,200580,0.450630671053944,54.9369328946056,115961,57.8128427560076
1998,"4",87219.5,211155,0.413059127181454,58.6940872818546,129586,61.3700835878857
1999,"4",83100.25,214867.5,0.386751137328819,61.3248862671181,138687.75,64.5457084016894
2000,"4",81512,221407.5,0.368153743662703,63.1846256337297,148005,66.8473290200196
2001,"4",73775.5,218947.5,0.336955206156727,66.3044793843273,154985.75,70.7867182772126
2002,"4",62840.5,213787.5,0.293939075016079,70.6060924983921,163132,76.3056773665439
2003,"4",53365.75,213682.5,0.249743193757093,75.0256806242907,173260.25,81.0830320686065
2004,"4",52550.25,216435,0.242799223785432,75.7200776214568,176274.25,81.4444290433618
2005,"4",42477.25,215915,0.196731352615613,80.3268647384387,182116,84.3461547368177
2006,"4",48179.75,220177.5,0.21882231381499,78.117768618501,183708,83.4363184249072
2007,"4",47688.25,222442.5,0.214384616249143,78.5615383750857,189322.75,85.1108713487755
2008,"4",49810.5,226272.5,0.220135014197483,77.9864985802517,195528.5,86.4128429216984
2009,"4",43124.75,222062.5,0.194200956937799,80.5799043062201,201539.5,90.7580073177596
2010,"4",30648.5,213040,0.143862654900488,85.6137345099512,208795.75,98.0077684941795
2011,"4",31203.25,214030,0.145789141709106,85.4210858290894,213188.5,99.6068308181096
2012,"4",36535.25,223635,0.163370000223579,83.6629999776421,222430,99.4611755762738
2013,"4",36662.5,226537.5,0.161838547701815,83.8161452298185,230140,101.590244440766
2014,"4",33273.75,226575,0.14685534591195,85.314465408805,237063.25,104.62904115635
2015,"4",33448.75,233410,0.143304699884324,85.6695300115676,248613,106.513431301144
2016,"4",35425.25,238925,0.14826933138014,85.173066861986,258478.5,108.183948937951
2017,"4",38115.75,234090,0.162825195437652,83.7174804562348,253912.75,108.468003759238
2018,"4",39485,227730,0.173385149080051,82.6614850919949,247919,108.865322970184
2019,"4",32848.5,222862.5,0.147393572269897,85.2606427730103,250027,112.188905715407
2020,"4",32694.25,221535,0.147580517751145,85.2419482248855,250897.75,113.254226194507
2021,"4",38389.25,223090,0.17207965395132,82.792034604868,250043,112.081671074454
2022,"4",40380.5,225155,0.179345339876974,82.0654660123026,251962.5,111.90624236637
2023,"4",34724.25,217465,0.159677419354839,84.0322580645161,247961.25,114.023521026372
2024,"4",24613.5,205720,0.119645634843477,88.0354365156523,243161.75,118.200345129302
1952,"5",175547.5,175585,0.999786428225646,0.0213571774354326,37.5,0.0213571774354301
1953,"5",180267.5,181127.5,0.99525196339595,0.474803660404965,855,0.47204317400726
1954,"5",183422.5,186422.5,0.983907521892475,1.60924781075246,3002.5,1.61058885059475
1955,"5",182200,187270,0.972926790195974,2.70732098040263,5067.5,2.70598600950499
1956,"5",177342.5,183717.5,0.965299985031366,3.4700014968634,6382.5,3.47408385156558
1957,"5",188957.5,197097.5,0.958700643082738,4.12993569172617,8147.5,4.13374091502936
1958,"5",201887.5,212192.5,0.95143560681928,4.85643931807204,10310,4.85879566902694
1959,"5",194782.5,208917.5,0.932341713834408,6.76582861655917,14147.5,6.77181183960176
1960,"5",176140,193050,0.912406112406112,8.75938875938876,16922.5,8.76586376586377
1961,"5",165467.5,183790,0.900307416072692,9.96925839273083,18330,9.9733391370586
1962,"5",155050,175127.5,0.885354955675151,11.4645044324849,20082.5,11.4673594952249
1963,"5",149390,170480,0.876290473955889,12.3709526044111,21100,12.3768183951197
1964,"5",140765,163210,0.862477789351143,13.7522210648857,22447.5,13.7537528337724
1965,"5",134025,157007.5,0.853621642278235,14.6378357721765,22995,14.6457971752942
1966,"5",129302.5,153367.5,0.84308931162078,15.691068837922,24072.5,15.6959590526024
1967,"5",123780,148860,0.831519548569125,16.8480451430875,25092.5,16.8564422947736
1968,"5",118707.5,143190,0.829020881346463,17.0979118653537,24495,17.1066415252462
1969,"5",118282.5,141710,0.834679980241338,16.5320019758662,23445,16.5443511396514
1970,"5",115447.5,138572.5,0.833119847011492,16.6880152988508,23147.5,16.7042522867091
1971,"5",113720,137032.5,0.829876124277088,17.0123875722912,23337.5,17.0306314195538
1972,"5",118935,141905,0.838131144075262,16.1868855924738,22992.5,16.2027412705683
1973,"5",116025,140520,0.82568317677199,17.431682322801,24545,17.4672644463422
1974,"5",110245,136420,0.808129306553291,19.1870693446709,26260,19.2493769242047
1975,"5",115515,141072.5,0.818834287334527,18.1165712665473,25685,18.2069503269595
1976,"5",117040,143187.5,0.817389786119598,18.2610213880402,26285,18.3570493234395
1977,"5",114105,142775,0.799194536858694,20.0805463141306,28842.5,20.2013657853266
1978,"5",115622.5,147055,0.786253442589507,21.3746557410493,31647.5,21.5208595423481
1979,"5",113000,146872.5,0.7693747978689,23.06252021311,34155,23.2548639125772
1980,"5",109075,145912.5,0.747537051315,25.2462948685,37182.5,25.4827379422599
1981,"5",99076,139010,0.712725703186821,28.7274296813179,40325,29.0087044097547
1982,"5",94867,135860,0.698270278227587,30.1729721772413,41441.5,30.5030914176358
1983,"5",98641.75,141487.5,0.697176429013164,30.2823570986836,43491.25,30.7385811467444
1984,"5",106647.5,155045,0.687848689090264,31.2151310909736,49407.5,31.8665548711664
1985,"5",112330,168495,0.666666666666667,33.3333333333333,57655,34.2176325706994
1986,"5",111680,175782.5,0.635330593204671,36.4669406795329,66070,37.5862216090908
1987,"5",116652.5,186375,0.625902079141516,37.4097920858484,72187.5,38.7323943661972
1988,"5",117055,192842.5,0.606997938732385,39.3002061267615,78700,40.8105059828617
1989,"5",113377.5,194457.5,0.58304513839785,41.695486160215,84540,43.4747952637466
1990,"5",122215,209180,0.584257577206234,41.5742422793766,91347.5,43.6693278516111
1991,"5",131357.5,225292.5,0.583053142026477,41.6946857973523,99035,43.9584096230456
1992,"5",138900,238090,0.583392834642362,41.6607165357638,105162.5,44.1692217228779
1993,"5",135845,241820,0.561760813828467,43.8239186171533,112780,46.6379952030436
1994,"5",140117.5,255707.5,0.547960071566145,45.2039928433855,123822.5,48.4234916848352
1995,"5",134425,259072.5,0.518870200426522,48.1129799573478,134120,51.7692923795463
1996,"5",127522.5,255895,0.498339162547138,50.1660837452862,138502.5,54.124738662342
1997,"5",137427.5,266080,0.516489401683704,48.3510598316296,140042.5,52.6317273000601
1998,"5",136215,266340,0.511432755125028,48.8567244874972,142392.5,53.4626792821206
1999,"5",126142.5,263275,0.479128287911879,52.0871712088121,150505,57.1664609248884
2000,"5",118180,263512.5,0.44847967363977,55.152032636023,160245,60.8111569659883
2001,"5",110870,267430,0.414575776838799,58.5424223161201,173520,64.8842687806155
2002,"5",109640,277530,0.395056390300148,60.4943609699852,187887.5,67.6998883003639
2003,"5",111505,293240,0.380251670986223,61.9748329013777,205215,69.9819260673851
2004,"5",111872.5,299920,0.373007802080555,62.6992197919445,214120,71.3923712990131
2005,"5",105777.5,296307.5,0.356985563983362,64.3014436016638,218342.5,73.6878074297816
2006,"5",103557.5,294465,0.35168016572428,64.831983427572,221035,75.063250301394
2007,"5",110702.5,306367.5,0.361338914865317,63.8661085134683,230780,75.3278334026945
2008,"5",106087.5,304767.5,0.348093218601065,65.1906781398935,237632.5,77.9717325502227
2009,"5",98487.75,296750,0.331887952822241,66.8112047177759,240273.5,80.9683235046335
2010,"5",93416.75,296827.5,0.314717302136763,68.5282697863237,250986.75,84.5564342926447
2011,"5",91775.5,300370,0.305541498818124,69.4458501181876,262963.75,87.5466091820089
2012,"5",87923.25,301892.5,0.291240259363846,70.8759740636154,274443,90.9075250296049
2013,"5",82374,298410,0.276043028048658,72.3956971951342,280401,93.9650145772595
2014,"5",85990.75,303747.5,0.283099449378184,71.6900550621816,288431.5,94.9576539724607
2015,"5",91359.75,315760,0.289332879402078,71.0667120597923,302841.25,95.9086806435267
2016,"5",88337.75,317932.5,0.277850644397789,72.2149355602211,314053.5,98.7799297020594
2017,"5",80341.75,306650,0.261998206424262,73.8001793575738,312279.75,101.83588781999
2018,"5",74687.5,295715,0.252565815058418,74.7434184941582,307865.5,104.108854809529
2019,"5",69844,285610,0.244543258289276,75.5456741710724,303137.5,106.136864955709
2020,"5",68439.5,280350,0.244121633672195,75.5878366327805,300556.75,107.207686820046
2021,"5",74001.75,281152.5,0.263208578974044,73.6791421025956,297564,105.837223570838
2022,"5",81314,285197.5,0.285114701215824,71.4885298784176,296839.25,104.081995809921
2023,"5",79207.5,279917.5,0.282967302866023,71.7032697133977,292212.25,104.392276295694
2024,"5",75156.75,273342.5,0.274954498477185,72.5045501522815,289672.75,105.974281350321
1952,"All regions",1279207.5,1288590,0.992718785649431,0.728121435056928,9385,0.728315445564532
1953,"All regions",1280825,1320265,0.970127209310252,2.98727906897479,39490,2.99106618746994
1954,"All regions",1285617.5,1344075,0.95650726335956,4.34927366404404,58530,4.35466770827521
1955,"All regions",1291420,1366007.5,0.945397444743166,5.46025552568342,74687.5,5.46757612970646
1956,"All regions",1291132.5,1386930,0.930928381389111,6.90716186108888,95915,6.91563380992552
1957,"All regions",1332892.5,1452695,0.917530865047377,8.24691349526225,119970,8.25844378895776
1958,"All regions",1307867.5,1463840,0.8934497622691,10.65502377309,156225,10.6722729260028
1959,"All regions",1201522.5,1393627.5,0.862154700592518,13.7845299407482,192467.5,13.810541195549
1960,"All regions",1087592.5,1299010,0.837247211337865,16.2752788662135,211500,16.2816298565831
1961,"All regions",1049262.5,1270920,0.825592877600478,17.4407122399522,221527.5,17.4304834293268
1962,"All regions",985027.5,1211317.5,0.813186881226433,18.6813118773567,226095,18.6652137032611
1963,"All regions",930200,1160097.5,0.801829156601062,19.8170843398938,229655,19.7961809244482
1964,"All regions",868295,1102102.5,0.787853216919479,21.2146783080521,233572.5,21.193355427467
1965,"All regions",846525,1068265,0.792429781000033,20.7570218999967,221610,20.7448526348799
1966,"All regions",840110,1053177.5,0.797690797610089,20.2309202389911,213032.5,20.2275969625253
1967,"All regions",806322.5,1016962.5,0.792873385203486,20.7126614796514,210642.5,20.7129073097582
1968,"All regions",769947.5,975192.5,0.789533861263289,21.0466138736711,205295,21.0517410665074
1969,"All regions",772635,973602.5,0.7935836237068,20.64163762932,201107.5,20.6560172144176
1970,"All regions",746655,946307.5,0.789019425503866,21.0980574496134,199807.5,21.1144369034378
1971,"All regions",724352.5,922025,0.785610476939345,21.4389523060655,197872.5,21.4606436918739
1972,"All regions",721870,924097.5,0.781162160919167,21.8837839080833,202642.5,21.928692589256
1973,"All regions",678735,892257.5,0.760694082145569,23.9305917854431,214272.5,24.0146482377565
1974,"All regions",642680.5,859497.5,0.747739813088462,25.2260186911538,217875.25,25.349142958531
1975,"All regions",619899.25,845035,0.733578194986007,26.6421805013993,226389,26.790487967954
1976,"All regions",583895.5,825527.5,0.707299877956822,29.2700122043178,243047.75,29.4415086111607
1977,"All regions",573232.75,834550,0.686876460367863,31.3123539632137,263072,31.5226169792104
1978,"All regions",588896.25,868350,0.678178441872517,32.1821558127483,281767.75,32.4486382219151
1979,"All regions",575620.75,871240,0.660691370919609,33.9308629080391,298637,34.2772370414582
1980,"All regions",550718,867992.5,0.634473224135001,36.5526775864999,320822.25,36.9614080766827
1981,"All regions",503240.5,823665,0.610977156975227,38.9022843024773,324073,39.3452435152641
1982,"All regions",477917.5,798635,0.59841792558553,40.158207441447,324438,40.6240648105831
1983,"All regions",478921.75,811710,0.590015830777002,40.9984169222998,337422.5,41.5693412672013
1984,"All regions",510274.25,871677.5,0.585393393772353,41.4606606227647,368138.25,42.233308763849
1985,"All regions",527854.25,934667.5,0.56475083385268,43.524916614732,416518.75,44.5633072723723
1986,"All regions",516670.75,958390,0.539102818268137,46.0897181731863,453506.5,47.3196193616377
1987,"All regions",517685.25,990852.5,0.522464493958485,47.7535506041515,486845,49.1339528335449
1988,"All regions",522214.25,1039505,0.502368194477179,49.7631805522821,534293,51.3987907706072
1989,"All regions",520141,1065827.5,0.488016118931065,51.1983881068935,566070.25,53.1108692541711
1990,"All regions",550586.75,1142497.5,0.481915058895096,51.8084941104904,616662.75,53.9749758752207
1991,"All regions",567593.75,1202960,0.471830942009709,52.8169057990291,664349.25,55.2262128416572
1992,"All regions",561060.25,1233950,0.454686373029701,54.5313626970299,706911.75,57.2885246565906
1993,"All regions",527268.25,1236102.5,0.426557061408742,57.3442938591258,747454.5,60.4686504557672
1994,"All regions",508209.75,1259480,0.403507598373932,59.6492401626068,796200.75,63.2166251151269
1995,"All regions",481671.25,1275560,0.377615517890182,62.2384482109818,844847,66.2334190473204
1996,"All regions",466333.25,1262942.5,0.36924345328469,63.075654671531,852141,67.4726679955738
1997,"All regions",495479.25,1289235,0.384320352767339,61.5679647232661,854514,66.2807013461471
1998,"All regions",487116.75,1321870,0.368505791038453,63.1494208961547,903667.75,68.36283068683
1999,"All regions",462344,1345000,0.343750185873606,65.6249814126394,963984.25,71.6716914498141
2000,"All regions",425063,1359002.5,0.312775730728972,68.7224269271028,1028440.75,75.6761484986231
2001,"All regions",396395.75,1368935,0.289565063352168,71.0434936647832,1079984,78.8922775734421
2002,"All regions",387395,1406765,0.275380038599197,72.4619961400803,1143496,81.2855025537314
2003,"All regions",380820.75,1464915,0.259960987497568,74.0039012502432,1228052.75,83.8309901939703
2004,"All regions",374533.75,1492390,0.250962382487151,74.9037617512849,1277585.75,85.6066946307601
2005,"All regions",341747.75,1493230,0.228864776357293,77.1135223642707,1321856.25,88.5232850933882
2006,"All regions",334796.25,1503117.5,0.22273458329106,77.726541670894,1360752,90.5286512864097
2007,"All regions",332867.75,1532552.5,0.217198268901065,78.2801731098935,1417780,92.5110232765272
2008,"All regions",320446.75,1536747.5,0.208522707861897,79.1477292138103,1462396,95.1617620981977
2009,"All regions",297836.5,1515217.5,0.196563529658283,80.3436470341717,1488419,98.2313760235742
2010,"All regions",275997,1509712.5,0.182814277552845,81.7185722447155,1539591.5,101.979118540782
2011,"All regions",277556.75,1527095,0.181754736935161,81.8245263064839,1598945,104.705011803457
2012,"All regions",270365,1533797.5,0.176271639509127,82.3728360490873,1639242.5,106.874766714641
2013,"All regions",253510.5,1506222.5,0.16830879899882,83.169120100118,1636988.5,108.681718670382
2014,"All regions",259985.5,1516617.5,0.171424568159078,82.8575431840922,1659173,109.399568447549
2015,"All regions",278905.25,1574657.5,0.177121215248395,82.2878784751605,1730608.25,109.903788601648
2016,"All regions",286012.75,1606040,0.17808569525043,82.191430474957,1790970,111.514657169186
2017,"All regions",278442.25,1584642.5,0.175712976270673,82.4287023729327,1799926.5,113.585651022234
2018,"All regions",275497.25,1565930,0.175932033998965,82.4067966001034,1805928,115.326227864592
2019,"All regions",273315.25,1559967.5,0.17520573345278,82.479426654722,1823034,116.863588504248
2020,"All regions",277377,1552082.5,0.178712793939755,82.1287206060245,1825882.25,117.640798733315
2021,"All regions",283169,1527932.5,0.185328213124598,81.4671786875402,1796762.75,117.594379987336
2022,"All regions",284432.75,1508035,0.188611504374898,81.1388495625101,1779115,117.975710112829
2023,"All regions",270238.25,1474837.5,0.183232559519269,81.6767440480731,1759594.5,119.307686440032
2024,"All regions",233597.5,1444900,0.161670357810229,83.8329642189771,1772199.75,122.65206934736
